id,tittle,content
1,"['Create Capital (CRC) chào bán 15 triệu cổ phiếu giá 10.000 đồng, muốn tăng VĐL lên gấp đôi']","['Ngày 25/8 tới đây CTCP Create Capital Việt Nam (mã chứng khoán CRC) sẽ chốt danh sách cổ đông chi trả cổ tức và phát hành cổ phiếu tăng vốn điều lệ.\nTheo đó Create Capital sẽ dành 7,5 tỷ đồng chi trả cổ tức năm 2020 bằng tiền, tỷ lệ 5%. Thời gian thanh toán 18/10/2021.\nBCTC năm 2020 đã kiểm toán ghi nhận doanh thu năm 2020 Create Capital Việt Nam đạt 580 tỷ đồng, tăng 43,4% so với năm trước đó. Còn lợi nhuận sau thuế lại giảm 7,5% xuống còn gần 5 tỷ đồng.\nTính đến 31/12/2020 Create Capital Việt Nam vẫn còn hơn 17 tỷ đồng lợi nhuận sau thuế chưa phân phối. Ngoài ra công ty còn 10,6 tỷ đồng trong quỹ đầu tư phát triển.\nADVERTISING\niTVC from Admicro\nNửa đầu năm 2021 tình hình kinh doanh của Create Capital đã cải thiện hơn với doanh thu 6 tháng đầu năm đạt gần 293 tỷ đồng, tăng 130% so với cùng kỳ. Còn lợi nhuận sau thuế cũng gấp 8 lần, lên trên 8,7 tỷ đồng, trong đó lợi nhuận sau thuế thuộc về cổ đông công ty mẹ đạt hơn 2,2 tỷ đồng.\nNgoài chi trả cổ tức, Create Việt Nam cũng chốt danh sách cổ đông phát hành 15 triệu cổ phiếu chào bán cho cổ đông hiện hữu. Tỷ lệ phát hành 1:1, dự kiến sau phát hành sẽ tăng vốn điều lệ lên gấp đôi.\nGiá phát hành 10.000 đồng/cổ phiếu. Trong khi đó trên thị trường cổ phiếu CRC hiện giao dịch dưới mệnh giá, đóng cửa phiên giao dịch ngày 11/8/2021 ở mức 9.830 đồng/cổ phiếu.\nCreate Capital - một doanh nghiệp trong ngành gạch nung - vừa nộp hồ sơ niêm yết lên HoSE']"
2,['Cảng Đình Vũ (DVP): Đặt kế hoạch lãi trước thuế 60 tỷ đồng trong quý 3/2021'],"['HĐQT Đầu tư và Phát triển Cảng Đình Vũ (DVP) vừa thông qua Nghị quyết về kế hoạch kinh doanh cho quý 3/2021.\nCụ thể, DVP đặt mục tiêu sản lượng đạt 150.000 teu. Tương ứng, doanh thu dự kiến đạt 150 tỷ đồng và lợi nhuận trước thuế 60 tỷ đồng, lần lượt tăng 6% và 16% so với cùng kỳ năm trước.\nKết thúc quý 2/2021, Công ty ghi nhận doanh thu thuần đạt 166 tỷ đồng, tăng 27% so với cùng kỳ năm ngoái. Tuy nhiên, do không còn ghi nhận cổ tức từ Công ty TNHH Tiếp vận SITC – Đình Vũ, lãi sau thuế của Công ty giảm 15% xuống còn 81 tỷ đồng.\nLũy kế 6 tháng đầu năm, DVP đạt 299 tỷ đồng doanh thu thuần, tăng 26%; khấu trừ chi phí thu về lợi nhuận ròng 133 tỷ đồng, giảm 5% so với nửa đầu năm ngoái.\nADVERTISING\niTVC from Admicro\nNhư vậy, so với kế hoạch 634 tỷ đồng doanh thu và 305 tỷ đồng lãi trước thuế, 6 tháng đầu năm DVP đã thực hiện được 47% chỉ tiêu doanh thu và 55% chỉ tiêu lợi nhuận.\nTrên thị trường, hoà cùng sóng tăng của ngành, DVP nhảy vọt những phiên gần đây. Kết phiên 11/8, DVP đạt 61.400 đồng/cp, tăng 48% so với mức giá đầu năm.\nCổ phiếu Cảng biển tạo sóng 3 sàn, nhiều mã tăng bằng lần từ đầu năm 2021']"
3,"['Sông Đà Hoàng Long bán thêm hơn 2 triệu cổ phiếu NED, nâng tổng lượng bán ra trong 2 tháng qua lên hơn 7 triệu đơn vị']","['CTCP Sông Đà Hoàng Long thông báo đã bán ra 2,2 triệu cổ phiếu NED của CTCP Đầu tư phát triển Điện Miền Bắc trong tổng số 3 triệu cổ phiếu đăng ký bán trước đó. Giao dịch thực hiện từ 8/7 đến 5/8/2021.\nSau giao dịch Sông Đà Hoàng Long giảm lượng sở hữu từ hơn 14 triệu cổ phiếu (tỷ lệ 34,75%) xuống còn hơn 11,87 triệu cổ phiếu (tỷ lệ 29,31%).\nTrước đó, từ 26/5 đến 30/6/2021 Sông Đà Hoàng Long cũng mới bán bớt 5 triệu cổ phiếu NED theo phương thức khớp lệnh trên sàn. Như vậy trong vòng 2 tháng qua Sông Đà Hoàng Long đã bán ra tổng cộng 7,2 triệu cổ phiếu NED.\nỞ chiều ngược lại, ông Dương Văn Quyền, Tổng Giám đốc công ty, đã đăng ký mua 1 triệu cổ phiếu NED. Giao dịch dự kiến thực hiện từ 9/7 đến 6/8/2021. Hiện ông Quyền chưa báo cáo kết quả giao dịch.\nTrên thực tế, từ đầu năm 2021 đến nay Sông Đà Hoàng Long liên tục đưa cổ phiếu NED ra bán, giảm tỷ lệ sở hữu. Ngay những ngày đầu năm 2021 Sông Đà Hoàng Long báo cáo còn sở hữu gần 21,2 triệu cổ phiếu (tỷ lệ 52,33%) và đăng ký bán toàn bộ số cổ phiếu này. Như vậy, sau đợt bán thành công vừa rồi, Sông Đà Hoàng Long giảm lượng sở hữu xuống còn gần 11,9 triệu cổ phiếu, tương ứng tổng số cổ phiếu NED đã bán ra từ đầu năm là khoảng 9,3 triệu đơn vị.\nSông Đà Hoàng Long đăng ký bán hết hơn 21 triệu cổ phiếu NED']"
4,"['Cổ phiếu CBI liên tục phá đỉnh, một lãnh đạo Gang thép cao Bằng mang hơn 1,5 triệu cổ phiếu ra bán']","['Ông Phạm Thành Đô, Ủy viên HĐQT CTCP Gang thép Cao Bằng (mã chứng khoán CBI) vừa thông báo đăng ký bán toàn bộ 1.548.747 cổ phiếu CBI (tỷ lệ 3,6%) đang sở hữu để giải quyết nhu cầu tài chính cá nhân. Giao dịch dự kiến thực hiện theo phương thức khớp lệnh và thỏa thuận từ 12/8 đến 10/9/2021.\nÔng Phạm Thành Đô quyết bán hết cổ phiếu CBI trong bối cảnh cổ phiếu CBI nói riêng và cổ phiếu ngành thép nói chung đang tăng mạnh. Chỉ tính từ đầu tháng 8/2021 đến nay CBI đã có 6 trong tổng số 8 phiên giao dịch tăng điểm, 2 phiên còn lại, trừ phiên hôm nay 11/8 chưa kết thúc (hiện đang trong sắc đỏ), thì có 1 phiên giảm nhẹ.\nTrước đó phiên 9/8 cổ phiếu CBI lên cao nhất ở mức giá 28.500 đồng/cổ phiếu – liên tục phá đỉnh. Hiện tại CBI đang giảm về mức 27.000 đồng/cổ phiếu – cũng gần gấp 3 lần thời điểm đầu năm 2021. Tạm tính theo thị giá này, bán hết số cổ phiếu đăng ký, ông Phạm Thành Đô thu về khoảng 42 tỷ đồng.\nADVERTISING\niTVC from Admicro\nCổ phiếu CBI cũng như các cổ phiếu ngành thép khác đang trong đà tăng mạnh khi giá thép liên tục tăng, nhu cầu tiêu thụ cũng tăng cao. Kết quả kinh doanh của Gang thép Cao Bằng cũng phản ánh đúng hiện trạng. Quý 2 vừa qua công ty đạt 991 tỷ đồng doanh thu, gấp 3,6 lần cùng kỳ và lãi sau thuế cao kỷ lục 153 tỷ đồng, gấp 18,5 lần quý 2 năm ngoái.\nTính chung 6 tháng đầu năm 2021 doanh thu thuần đạt 1.527 ỷ đồng, tăng 82% so với cùng kỳ và lợi nhuận sau thuế gấp 15 lần, lên mức 216 tỷ đồng, vượt 79% chỉ tiêu lợi nhuận được giao cho cả năm. Công ty cho biết, nguyên nhân doanh thu và cả lợi nhuận tăng mạnh do lượng tiêu thụ phôi thép tăng mạnh.\nGang thép Cao Bằng (CBI): Quý 2 lãi 153 tỷ đồng, cao gấp 18 lần cùng kỳ']"
5,"['Gilimex (GIL) chốt danh sách cổ đông phát hành 7,2 triệu cổ phiếu trả cổ tức']","['Ngày 19/8 tới đây CTCP Sản xuất kinh doanh Xuất nhập khẩu Bình Thạnh (Gilimex – mã chứng khoán GIL) sẽ chốt danh sách cổ đông phát hành 7,2 triệu cổ phiếu trả cổ tức năm 2020. Tỷ lệ phát hành 20%, tương ứng cổ đông sở hữu 100 cổ phiếu được nhận về 20 cổ phiếu mới. Giá trị phát hành theo mệnh giá 72 tỷ đồng.\nKết quả kinh doanh, năm 2020 Gilimex đạt 3.457 tỷ đồng doanh thu, tăng 36,2% so với con số 2.538 tỷ đồng đạt được năm 2019. Lợi nhuận sau thuế tăng 92,6%, lên trên 309 tỷ đồng. EPS thuộc TOP cao với 10.388 đồng.\nTính đến 31/12/2020 Gilimex còn hơn 660 tỷ đồng lợi nhuận sau thuế lũy kế chưa phân phối. Ngoài ra công ty còn hơn 45 tỷ đồng trong quỹ đầu tư phát triển và 227 tỷ đồng thặng dư vốn cổ phần.\nADVERTISING\niTVC from Admicro\nVới kết quả đạt được, Đại hội cổ đông thường niên năm 2021 đã thông qua phương án phân phối lợi nhuận năm 2020, trong đó dành 36 tỷ đồng trả cổ tức bằng tiền tỷ lệ 10% và 72 tỷ đồng phát hành cổ phiếu trả cổ tức tỷ lệ 20%. Tổng tỷ lệ trả cổ tức năm 2020 là 30%.\nTrước đó Gilimex cũng đã công bố BCTC quý 2/2021 với doanh thu 6 tháng đầu năm đạt 1.638 tỷ đồng, tăng 29,5% so với cùng kỳ. Lợi nhuận sau thuế đạt 186 tỷ đồng, tăng gần 82% so với lợi nhuận đạt được 6 tháng đầu năm 2020 và đã hoàn thành chỉ tiêu lợi nhuận được giao cho cả năm.\nXuất nhập khẩu Bình Thạnh (GIL) triển khai phương án phát hành 7,2 triệu cổ phiếu trả cổ tức']"
6,['HAGL lấy ý kiến cổ đông về việc dùng thặng dư vốn cổ phần để xử lý lỗ lũy kế'],"['Ngày 23/8 tới đây CTCP Hoàng Anh Gia Lai (mã chứng khoán HAG) sẽ chốt danh sách cổ đông thực hiện lấy ý kiến cổ đông bằng văn bản. Thời gian thực hiện dự kiến trong tháng 9/2021.\nNội dung lấy ý kiến, trong đó có việc bổ sung các quy định về tổ chức Đại hội cổ đông trực tuyến, lựa chọn công ty kiểm toán năm 2021... Đặc biệt có việc sử dụng thặng dư vốn cổ phần để xử lý lỗ lũy kế.\nVề việc dùng thặng dư vốn cổ phần xử lý nợ lũy kế\nTrước đó HAGL đã công bố báo cáo tài chính quý 2 và kết quả kinh doanh 6 tháng đầu năm 2021 trong đó ghi nhận doanh thu nửa đầu năm đạt hơn 800 tỷ đồng, giảm 45% so với nửa đầu năm ngoái. Và nhờ tiết giảm tối đa chi phí, công ty đã có lãi sau thuế hơn 18 tỷ đồng – cải thiện nhiều so với số lỗ 1.397 tỷ đồng ghi nhận trong nửa đầu năm ngoái.\nSố liệu ghi nhận, đến 30/6/2021 HAGL còn lỗ lũy kế chưa phân phối 7.549 tỷ đồng. BCTC hợp nhất 6 tháng đầu năm 2021 cũng ghi nhận tính đến 30/6/2021 HAGL còn gần 3.264 tỷ đồng thặng dư vốn cổ phần. Như vậy nếu đệ trình được thông qua, HAGL dùng hết số thặng dư vốn cổ phần này để xử lý lỗ lũy kế, công ty sẽ vẫn còn khoản lỗ lũy kế gần 4.300 tỷ đồng cần được xử lý tiếp.\nADVERTISING\niTVC from Admicro\nVề việc tổ chức Đại hội cổ đông trực tuyến\nLiên quan việc tổ chức Đại hội cổ đông trực tuyến, trước đó Hoàng Anh Gia Lai đã tạm hoãn tổ chức Đại hội cổ đông thường niên năm 2021 nhằm đảm bảo an toàn, tránh lây lan dịch bệnh. Cùng với đó HAGL cũng có tâm thư gửi cổ đông để cập nhật một số tình hình về hoạt động kinh doanh của công ty.\nVề tình hình kinh doanh, dự kiến đến cuối năm 2021 Công ty sẽ hoàn thiện toàn bộ hệ thống chuồng trại để sẵn sàng cho năm 2022 triển khai nuôi thêm 15.000 heo nái và 300.000 heo thịt xuất chuồng mỗi năm. Đối với mảng trái cây, duy trì đầu từ 10.000ha trồng cây các loại. Định hướng của công ty là tập trung hai ngành chủ lực này và duy trì một số ngành nghề phụ trợ khác để tận dụng lợi thế về nguyên liệu sản xuất.\nVề tài chính, HAGL cho biết hiện chủ yếu còn khoản nợ trái phiếu với BIDV, và công ty đã có kế hoạch thanh lý một số tài sản không tạo ra lợi nhuận, tập trung thu hồi nợ từ các bên liên quan và dự kiến hoàn tất trả nợ trái phiếu này trước cuối năm 2025.s\nBầu Đức gửi tâm thư cho cổ đông HAGL do chưa thể tổ chức Đại hội 2021: Sẵn sàng cho mảng heo với mục tiêu 300.000 con/năm, song song đạt 50 tấn chuối/ha từ năm 2022']"
7,"['Hải An (HAH): Thị giá tăng phi mã, công ty riêng của lãnh đạo cấp cao liên tiếp bán cổ phần']","['Cổ phiếu HAH của CTCP Vận tải và Xếp dỡ Hải An miệt mài tăng mạnh từ đầu năm, đặc biệt những phiên gần đây liên tục kịch trần với khối lượng giao dịch tăng mạnh. Trong đó, 2 công ty riêng của lãnh đạo cấp cao là ông Trần Quang Tiến - Thành viên HĐQT – liên tục bán ra cổ phần.\nTrong động thái mới nhất, Cánh Đồng Xanh vừa đăng ký bán tiếp 503.200 cổ phần HAH thông qua phương thức giao dịch gồm thỏa thuận và khớp lệnh. Thời gian giao dịch từ 16/8 - 14/9/2021.\nNếu giao dịch thành công, tỷ lệ sở hữu của Cánh Đồng Xanh tại Hải An còn 1 triệu cổ phần, tương đương 2,05% vốn. Tạm tính theo mức giá hiện nay vào mức 63.000 đồng/cp, Cánh Đồng Xanh dự thu về khoảng 32 tỷ đồng.\nTrước đó, trong khoảng thời gian từ ngày 12/5-10/6, Cánh Đồng Xanh đã bán gần 939.000 cổ phần, giảm tỷ lệ sở hữu tại HAH từ 5,006% xuống 3,08% vốn; qua đó chấm dứt tư cách cổ đông lớn tại Công ty.\nỞ diễn biến khác, một đơn vị khác cũng liên quan đến ông Tiến là Đại lý Cánh Đồng Xanh cũng liên tục bán ra cổ phần HAH.\nGhi nhận, trong khoảng thời gian từ ngày 17/6-16/7/2021, Đại lý Cánh Đồng Xanh đã đăng ký bán hơn 558.000 cổ phiếu HAH, tương đương tỷ lệ 1,14%. Mục đích giao dịch nhằm giảm danh mục đầu tư, thông qua phương thức thỏa thuận và/hoặc khớp lệnh.\nMới đây, Đại lý Cánh Đồng Xanh tiếp tục đăng ký bán toàn bộ 403.200 cổ phiếu HAH, thời gian giao dịch từ 12/8 - 10/9. Tạm tính theo thị giá, đơn vị này dự thu 25 tỷ đồng từ giao dịch trên.\nHiện, ông Trần Quang Tiến đang sở hữu khoảng 500.000 cổ phần Hải An, ứng với 1,026% vốn điều lệ.\nTrong chia sẻ mới nhất, đại diện HAH cho biết: ""Bên cạnh tác động của dịch bệnh, việc liên tục xảy ra các hiểm họa khó lường của thiên nhiên sẽ tiếp tục ảnh hưởng đến hoạt động vận tải container toàn cầu, gây nên mất cân bằng giữa Cung – Cầu và dự đoán sẽ còn kéo dài cho đến khi thế giới khống chế được dịch (giữa 2022). Do vậy dự đoán giá cước vận tải vẫn sẽ ở mức cao đến cuối năm 2022"".\nTheo dự đoán, Việt Nam sẽ cơ bản khống chế được dịch trong tháng 8, vì vậy kinh tế sẽ hồi phục và phát triển mạnh từ tháng 9 trở đi, tất cả các doanh nghiệp sẽ tập trung hoàn tất Hợp đồng của năm 2021 và tiến hành ký, thực hiện Hợp đồng cho năm 2022. Do vậy lượng hàng thông qua các cảng biển sẽ liên tục tăng, các cảng có cơ sở để duy trì và đạt lợi nhuận cao trong năm 2021 và các tháng đầu năm 2022.\nRiêng HAH, Công ty có kế hoạch vẫn sẽ tiếp tục đầu tư để phát triển và trẻ hóa đội tàu khi có điều kiện. Dự kiến, nếu giá dầu được duy trì ở mức như hiện nay (USD 75 - 80/thùng – LSFO USD 550 – 560/MT), năm 2021 HAH sẽ lãi khoảng 300 tỷ.\nHải An (HAH) sắp đóng mới tàu container sức chở 1.800 TEU, cổ phiếu đã tăng gấp 3 lần trong nửa năm']"
8,"['Đường Quảng Ngãi sắp chi gần 180 tỷ đồng tạm ứng cổ tức đợt 1/2021, cổ phiếu QNS lên cao nhất trong vòng mấy năm nay']","['Ngày 19/8 tới đây CTCP Đường Quảng Ngãi (mã chứng khoán QNS) sẽ chốt danh sách cổ đông nhận tạm ứng cổ tức đợt 1/2021 bằng tiền. Tỷ lệ thanh toán 5%, tương ứng cổ đông sở hữu 1 cổ phiếu được nhận về 500 đồng. Thời gian thanh toán 1/9/2021.\nNhư vậy với gần 357 triệu cổ phiếu đang niêm yết và lưu hành, Đường Quảng Ngãi sẽ chi khoảng 178 tỷ đồng tạm ứng cổ tức đợt này cho cổ đông.\nBất chấp ảnh hưởng của dịch bệnh Covid-19, kết quả kinh doanh nửa đầu năm 2021 của Đường Quảng Ngãi cũng tăng trưởng với doanh thu đạt 3.670 tỷ đồng (tăng 13%) so với nửa đầu năm ngoái. Và lợi nhuận sau thuế đạt hơn 521 tỷ đồng, tăng 19,3% so với cùng kỳ và hoàn thành khoảng 57% chỉ tiêu lợi nhuận được giao cho cả năm.\nVề ""của để dành"", tính đến 30/6/2021 Đường Quảng Ngãi còn 2.787 tỷ đồng lợi nhuận sau thuế chưa phân phối. Ngoài ra công ty còn 638 tỷ đồng trong quỹ đầu tư phát triển và 353 tỷ đồng thặng dư vốn cổ phần.\nTrên thị trường cổ phiếu QNS sáng nay 11/8/2021 đã tăng 6,8% so với phiên hôm qua, lên mức 47.000 đồng/cổ phiếu – mức giá cao nhất của cổ phiếu này trong mấy năm trở lại đây. Tính từ đầu năm 2021 đến nay cổ phiếu QNS đã tăng khoảng 21%.\nĐường Quảng Ngãi (QNS): 6 tháng thực hiện 57% chỉ tiêu LNST với 521,5 tỷ đồng']"
9,['Doanh nghiệp ngành gỗ bứt phá ngoạn mục trong quý 2 bất chấp dịch Covid-19'],"['Theo thống kê mới nhất của Tổng cục Hải quan, trong 7 tháng đầu năm 2021, kim ngạch xuất khẩu gỗ và sản phẩm gỗ của Việt Nam đạt gần 9,6 tỷ USD, tương ứng tăng 55% so với cùng kỳ năm trước. Trong đó, xuất khẩu sản phẩm gỗ đạt 7,4 tỷ USD, tăng 64% so với 7 tháng đầu năm 2020. \nTheo đánh giá của các chuyên gia, đây là mức tăng trưởng vượt trội trong bối cảnh Việt Nam và các quốc gia trên thế giới vẫn đang phải ứng phó với những diễn biến phức tạp của COVID-19. Nếu duy trì được đà tăng trưởng như hiện tại, mục tiêu 14 đến 14,5 tỷ USD kim ngạch xuất khẩu mà Chính phủ đặt ra cho ngành gỗ trong năm 2021 là điều hoàn toàn khả quan.\nLàn sóng dịch bệnh lần 4 bùng phát đã ảnh hưởng đến hoạt động sản xuất kinh doanh của nhiều ngành nghề. Tuy vậy, các doanh nghiệp ngành gỗ trong quý 2 và nửa đầu năm 2021 lại đón nhận thời cơ thuận lợi khi cầu nhập khẩu tại các quốc gia phát triển bắt đầu phục hồi trở lại, đặc biệt là các sản xuất nội thất, trang trí nhà cửa.\nThống kê cho thấy, các doanh nghiệp ngành gỗ ghi nhận mức lợi nhuận thu về trong quý 2 vừa qua đồng loạt tăng trưởng vượt trội 2 chữ số, cá biệt có những doanh nghiệp báo lãi gấp hàng chục lần cùng kỳ.\nĐiểm qua các doanh nghiệp có mức lãi cao nhất trong ngành có thể kể đến Gỗ An Cường (ACG, 137 tỷ đồng), Gỗ Phú Tài (PTB, 121 tỷ đồng), Vinafor (VIF, 75 tỷ đồng)…\nGỗ An Cường (ACG) là doanh nghiệp nổi tiếng trong lĩnh vực chế biến gỗ, hiện nắm hơn 55% thị phần nguyên vật liệu trang trí nội thất và vật liệu trang trí phân khúc trung – cao cấp tại Việt Nam. Khấu trừ đi các khoản chi phí và thuế, Gỗ An Cường báo lãi ròng quý 2 gần 137 tỷ đồng, tăng trưởng 31% so với cùng kỳ năm 2020. Lũy kế nửa đầu năm, LNST vọt tăng hơn 43% lên mức 238 tỷ, hoàn thành 43% kế hoạch cả năm.\nCổ phiếu ACG cũng vừa chào sàn UPCoM trong ngày 4/8 với mức giá tham chiếu phiên đầu tiên lên tới 90.000 đồng/cổ phiếu, tương ứng mức định giá doanh nghiệp lên tới 7.884 tỷ đồng. Sau phiên giao dịch đầu tiên tăng 39,9% lên mức 125.900 đồng/cp, thị giá ACG 4 phiên trở lại đây đang trong chuỗi giảm điểm, hiện xuống mức 110.300 đồng/cp chốt phiên 10/8.\nTương tự, Gỗ Phú Tài trong nửa đầu 2021 cũng ghi nhận doanh thu tăng 19%, trong đó ngành gỗ mang lại 1.817 tỷ đồng, đóng góp 59% tổng doanh thu và tăng 40% so với cùng kỳ. Kết quả, LNTT đạt gần 287 tỷ đồng, tăng 55% ; trong đó ngành gỗ mang về hơn 162 tỷ đồng tiền lãi, tăng 95% so với cùng kỳ.\nTại Gỗ Thuận An (GTA), doanh thu thuần quý 2 vọt tăng tới 78% so với cùng kỳ lên mức 166 tỷ đồng, đưa tổng lợi nhuận ròng thu về tăng lên gần 6 tỷ đồng, gấp 4 lần cùng kỳ năm 2020. Lũy kế nửa đầu năm 2021, GTA thu về gần 10,3 tỷ đồng lợi nhuận, tăng 61% so với 6 tháng đầu năm 2020.\nĐáng chú ý, Tổng công ty Lâm nghiệp Việt nam – CTCP (Vinafor, VIF) trong quý 2 vừa qua ghi nhận kết quả kinh doanh ấn tượng với doanh thu tăng 31% lên 570 tỷ đồng. Trong cơ cấu, mảng bán gỗ nguyên liệu tăng hơn 36% lên trên 239 tỷ đồng – chiếm tỷ trọng nhiều nhất, ngoài ra doanh thu bán gỗ thành phẩm đạt hơn 153 tỷ đồng, tăng nhẹ 6%. Cộng thêm khoản lãi lớn từ các công ty liên kết (trong đó có liên doanh với Yamaha Việt Nam), Vinafor báo lãi ròng gần 75 tỷ đồng, gấp đến 10 lần cùng kỳ năm 2020.\nBáo cáo của CTCK Agribank (Agriseco) mới đây đã đánh giá, ngành xuất khẩu gỗ nửa đầu năm 2021 đã tăng mạnh so với cùng kỳ nhờ nhu cầu quốc tế hồi phục. Nhóm gỗ cũng được đánh giá là ngành lấy lại được mức tăng trưởng ổn định.\nAgriseco Research dự báo, sức tăng này sẽ tiếp tục tích cực trong phần còn lại của năm khi nhu cầu vẫn ở mức cao. Cụ thể, nhu cầu nhập khẩu từ Mỹ – nước nhập khẩu lớn nhất tại Việt Nam – dự kiến sẽ tăng mạnh nhờ gói vay lãi suất thấp tại Mỹ giúp thúc đẩy nhu cầu mua sắm, trang trí nhà cửa. Và Việt Nam hiện sẽ là lựa chọn hàng đầu cho sự thay thế đồ nội thất Trung Quốc với vị trí đứng thứ 2 trên thế giới về thị phần xuất khẩu gỗ nội thất. Do đó, tiềm năng từ các mặt hàng gỗ nội thất có thể xuất phát từ nhu cầu sửa nhà, xây nhà tại Mỹ tăng mạnh sẽ dịch chuyển chuỗi cung ứng từ Trung Quốc sang Việt Nam. \nNgoài ra, hiệp định EVFTA sẽ giúp ngành gỗ gia tăng cạnh tranh về giá so với các sản phẩm cùng loại với các đối thủ cạnh tranh tại EU. Một số doanh nghiệp có mảng kinh doanh gỗ được Agriseco Research đánh giá sẽ tăng trưởng mạnh và có cơ hội trong nửa cuối năm 2021 như GDT, PTB.']"
10,"['Bất chấp ảnh hưởng dịch Covid-19, nhiều doanh nghiệp dược vẫn lãi lớn trong nửa đầu năm 2021']","['Lợi nhuận ròng quý 2 của các doanh nghiệp ngành dược cũng như 6 tháng đầu năm 2021 có sự phân hóa rõ rệt. Không hẳn doanh nghiệp hoạt động trong ngành dược và vật tư y tế nào cũng được hưởng lợi. Trong khi phần lớn các đơn vị ""có tiếng"" giữ được vị thế và duy trì đà tăng trưởng thì nhóm công ty có quy mô nhỏ hơn lại ghi nhận lợi nhuận đi ngang thậm chí giảm sút.\nĐại dịch ập đến khiến thách thức nổi lên, hầu hết doanh nghiệp dược phải đối mặt với việc chi phí giá vốn tăng cao trong bối cảnh giá nguyên vật liệu đầu vào leo thang cùng với sự khan hiếm về nguồn cung trên thị trường. Bên cạnh đó, kênh bán thuốc qua bệnh viện (ETC) từng là động lực chính cho sự phát triển của toàn ngành cũng trở nên ""hụt hơi"" trong thời buổi dịch bệnh.\nNhững cái tên dẫn đầu về lãi ròng thu về trong quý 2 vừa qua có thể kể đến: Dược Hậu Giang (DHT, lãi 201 tỷ đồng), Pymepharco (PME, lãi 78 tỷ đồng), Traphaco (TRA, lãi 63 tỷ đồng), Imexpharm (IMP, lãi 49 tỷ đồng)…\n""Ông lớn"" Dược Hậu Giang ghi nhận doanh thu thuần quý 2 tăng trưởng 16% so với cùng kỳ năm trước lên 948 tỷ đồng. Ảnh hưởng của chi phí giá vốn tăng cao nên doanh nghiệp ghi nhận lãi ròng xấp xỉ 201 tỷ đồng, tăng 8% so với cùng kỳ. Lũy kể nửa đầu năm 2021, Dược Hậu Giang ghi nhận lãi ròng 405 tỷ đồng, tăng 12% so với 6 tháng đầu năm 2020.\nViệc đưa vào sản phẩm thương hiệu mới đã giúp Pymepharco (PME) ghi nhận mức doanh thu thuần khâu bán hàng tăng gần 46% so với cùng kỳ. Sau khi khấu trừ chi phí, doanh nghiệp ghi nhận LNST quý 2 đạt 78 tỷ đồng, lũy kế 6 tháng báo lãi ròng 168 tỷ đồng, tăng 20%.\nTại Traphaco (TRA), chính sách bán hàng trong quý 2 được khách hàng ủng hộ nên doanh thu tăng mạnh. Bên cạnh đó, công ty tập trung các chương trình thúc đẩy bán các sản phẩm truyền thống của công ty nên có biên lợi nhuận tốt dẫn đến tỷ lệ chi phí giá vốn bán hàng giảm so với cùng kỳ. Kết quả, riêng quý 2 ghi nhận mức lãi ròng 63 tỷ đồng, bật tăng đến 48% so với quý 2/2020. Sau 6 tháng đầu năm 2021, lợi nhuận sau thuế theo đó đạt 124 tỷ đồng, tăng 37% so với nửa đầu năm 2020 đồng thời hoàn thành 52% kế hoạch đề ra.\nĐáng chú ý trong nhóm doanh nghiệp vừa và nhỏ, Pharbaco (PBC) ghi nhận tình hình kinh doanh khởi sắc khi lãi ròng chỉ trong nửa đầu năm đã gấp gần 3 lần mục tiêu đề ra cho cả năm 2021. Theo đó Pharbaco báo lãi ròng quý 2 hơn 12 tỷ đồng, tăng 124% so với cùng kỳ. Lũy kế 6 tháng đầu năm, Pharbaco đạt 26,6 tỷ đồng, tăng 291% so với cùng kỳ - đánh dấu lần đầu tiên công ty vượt kế hoạch năm kể từ khi bắt đầu hoạt động.\nTuy vậy, không hẳn doanh nghiệp nào cũng ghi nhận kết quả tích cực khi vậy. Trái chiều với sự khởi sắc của các doanh nghiệp kể trên, Imexpharm – doanh nghiệp hoạt động chủ yếu dựa trên kênh ETC – ghi nhận sự đi ngang trong kinh doanh. Doanh thu quý 2 tăng nhẹ 8% lên mức 321 tỷ đồng, song chi phí giá vốn và chi phí bán hàng tăng mạnh khiến lãi ròng chỉ tăng 4% so với cùng kỳ, chỉ đạt hơn 49 tỷ đồng. Lũy kế nửa đầu năm 2021, Imexpharm báo lãi ròng sau thuế 91 tỉ đồng, tăng hơn 3% so với cùng kỳ năm ngoái.\nThậm chí tại Dược phẩm OPC (OPC), kết quả kinh doanh đi lùi tới 2 chữ số khi quý 2 giảm 20% lợi nhuận so với cùng kỳ do chi phí tăng cao. Doanh thu đi ngang kèm theo áp lực từ các khoản mục chi phí, trong đó chi phí QLDN tăng hơn 41% đã khiến lãi ròng của công ty bị bào mòn chỉ còn xấp xỉ 17 tỷ đồng.\nTương tự, Hóa - Dược phẩm Mekophar (MKP) trong quý 2 chỉ ghi nhận mức lãi ròng nhỏ giọt chỉ vỏn vẹn 2,2 tỷ đồng, giảm tới 39% so với quý 2/2020. Cùng chịu áp lực tăng chi phí, đặc biệt là giá vốn khiến kinh doanh của Mekophar vô cùng khó khăn. Lũy kế 6 tháng đầu năm, doanh thu thuần của MKP đạt 519 tỷ đồng, giảm 19%; theo đó lợi nhuận sau thuế chỉ hơn 11 tỷ đồng, giảm đi gần một nửa so với khoản lãi thu được trong 6 tháng đầu năm 2020, đồng thời mới hoàn thành 20% kế hoạch lợi nhuận năm.\nThực tế, cổ phiếu ngành dược được xem là một trong những cổ phiếu thuộc dạng ""phòng thủ"" và khá được ưa chuộng trong bối cảnh thị trường chứng khoán điều chỉnh mạnh với mức tăng trưởng ổn định. Theo Fitch Solutions, ngành dược phẩm Việt Nam trong năm 2021 sẽ phục hồi và dự kiến tăng trưởng 8,7%, thấp hơn so với giai đoạn 2010-2019.\nTuy vậy, về ngắn hạn, ngành dược Việt Nam sẽ khó có sự đột phá vì nguồn nguyên liệu sản xuất phụ thuộc đến 90% vào nhập khẩu, Trung Quốc và Ấn Độ chiếm hơn 80% nguồn cung. Những diễn biến khó lường của COVID-19 sẽ vẫn tác động lớn tới việc nhập khẩu khiến nguồn cung tiếp tục là vấn đề lớn cho các doanh nghiệp.']"
11,['Gas Shipping (GSP) chào bán 20 triệu cổ phiếu huy động vốn mua thêm tàu chở dầu'],"['CTCP Vận tải sản phẩm khí Quốc tế (Gas Shipping – mã chứng khoán GSP) công bố bản cáo bạch chào bán cổ phiếu ra công chúng.\nTheo đó Gas Shipping dự kiến phát hành 20 triệu cổ phiếu chào bán cho cổ đông hiện hữu nhằm tăng vốn điều lệ, huy động vốn mua tàu chở dầu theo kế hoạch. Giá chào bán được xác định 10.000 đồng/cổ phiếu, tương ứng tổng số tiền dự kiến huy động 200 tỷ đồng. Tỷ lệ phát hành 55,6%, tương ứng tỷ lệ thực hiện quyền 9:5. Trên thị trường cổ phiếu GSP hiện giao dịch quanh mức 12.150 đồng/cổ phiếu.\nGas Shipping cho biết, mục đích chào bán cổ phiếu lần này nhằm huy động vốn bổ sung cho việc mua tàu phục vụ hoạt động sản xuất kinh doanh của công ty. Việc tăng vốn điều lệ có thể nâng cao năng lực tài chính và khả năng cạnh tranh của công ty trên thị trường, đồng thời giảm gánh nặng chi phí tài chính, nâng cao hiệu quả hoạt động.\nTrước đó Gas Shipping công bố kết quả kinh doanh 6 tháng đầu năm 2021 với doanh thu đạt 888 tỷ đồng, tăng 30% so với cùng kỳ. Và lợi nhuận sau thuế đạt hơn 30 tỷ đồng, tăng 7% và hoàn thành 58% chỉ tiêu lợi nhuận được giao cho cả năm.\nBáo cáo cho biết 6 tháng đầu năm đội GSP vận chuyển được 522 chuyến hàng với tổng khối lượng vận chuyển khoảng 588.339 tấn LPG. Mặt khác, tháng 3/2021, Công ty cũng làm đầu mối thực hiện 1 chuyến tàu lạnh VLGC để vận chuyển hàng nhập khẩu LPG từ Trung Đông về Vũng Tàu cho PV Gas Trading. Về dịch vụ vận tải LPG đường bộ bằng xe bồn, trong kỳ GSP tiếp tục duy trì Hợp đồng cho thuê TC 2 xe bồn của Công ty, đồng thời phát triển công tác thị trường cho các hợp đồng từ Dung Quất đi các khu vực miền Trung, dự kiến đến cuối năm sẽ đạt 700-1.000 MT/tháng.\nGas Shipping (GSP): Nửa đầu năm thực hiện được 58% chỉ tiêu LNST với 30 tỷ đồng']"
12,"['HDI Global SE đã bán xong 14 triệu cổ phiếu PVI, thu về gần 500 tỷ đồng']","['HDI Global SE vừa thông báo đã hoàn tất bán ra 14.054.512 cổ phiếu PVI, giảm lượng sở hữu sau giao dịch xuống còn 80.510.809 cổ phiếu (tỷ lệ 36,02%). Giao dịch thực hiện ngày 6/8/2021.\nHDI Global cũng kèm báo cáo sở hữu của các bên liên quan, trong đó hiện Funderburk Lightouse Limited đang sở hữu 26.994.995 cổ phiếu PVI (tỷ lệ 12,08%). Như vậy, sau khi bán bớt hơn 14 triệu cổ phiếu, HDI Global và quỹ liên quan giảm tổng lượng sở hữu cổ phiếu PVI từ 121,56 triệu cổ phiếu (tỷ lệ 54,38%) xuống còn hơn 107,5 triệu cổ phiếu (tỷ lệ 48,1%).\nTrước đó HDI Global đăng ký bán hơn 14 triệu cổ phiếu PVI từ 6/8 đến 1/9/2021 – như vậy HDI đã bán xong số cổ phiếu đăng ký ngay ngày giao dịch đầu tiên. Cũng trong ngày 6/8, có giao dịch thỏa thuận đúng số cổ phiếu HDI Global bán ra với giá bình quân 35.000 đồng/cổ phiếu, tương ứng tổng giá trị giao dịch gần 492 tỷ đồng. Giá 35.000 đồng/cổ phiếu còn thấp hơn rất nhiều so với giá đóng cửa cổ phiếu PVI cùng phiên ngày 6/8/2021 là 38.500 đồng/cổ phiếu.\nADVERTISING\niTVC from Admicro\nĐộng thái mua-bán cổ phiếu PVI liên tục của HDI Global thời gian gần đây đang khiến các nhà đầu tư chú ý. Trước đó HDI Global SE bị UBCKNN phạt vi phạm hành chính với các lỗi liên quan đến việc quỹ này đã thực hiện một hoặc một số giao dịch nhằm che giấu quyền sở hữu thực sự đối với cổ phiếu PVI để trốn tránh nghĩa vụ công bố thông tin. Đồng thời HDI Global SE đã vi phạm tỷ lệ nắm giữ chứng khoán của nhà đầu tư nước ngoài đối với cổ phiếu PVI.\nCùng với hình phạt về tiền với tổng số tiền 185 triệu đồng, UBCKNN còn quy định HDI Global SE ""buộc phải chuyển nhượng cổ phiếu trong thời hạn tối đa 60 ngày để giảm tỷ lệ nắm giữ theo đúng quy định"". Và quỹ này đã thực hiện chuyển nhượng bớt 13,8 triệu cổ phiếu.\nNgay sau khi chuyển nhượng bớt 13,8 triệu cổ phiếu, HDI Global đã thực hiện ngay động thái cho hơn 345 tỷ đồng mua lại 9,22 triệu cổ phiếu PVI ở mức giá bình quân 37.444 đồng/cổ phiếu. Giao dịch thực hiện từ 20/7 đến 21/7/2021.\nĐối với hoạt động bán ra lần này của HDI Global, đối tác mua vào là Công Ty Tài Chính Quốc Tế (IFC). Trước đó HDI Global và IFC đã ký kết một thỏa thuận đối tác chiến lược nhằm đẩy mạnh hơn nữa sự phát triển của PVI.\nHDI Global SE lại đăng ký bán bớt 14 triệu cổ phiếu PVI']"
13,['Vinamilk sắp chi hơn 3.100 tỷ đồng tạm ứng cổ tức đợt 1/2021 cho cổ đông'],"['Ngày 8/9 tới đây CTCP Sữa Việt Nam (Vinamilk – mã chứng khoán VNM) sẽ chốt danh sách cổ đông chi tạm ứng cổ tức đợt 1/2021 bằng tiền cho cổ đông. Tỷ lệ chi trả 15%, tương ứng cổ đông sở hữu 1 cổ phiếu được nhận về 1.500 đồng. Thời gian thanh toán 30/9/2021.\nNhư vậy với gần 2,09 tỷ cổ phiếu đang niêm yết và lưu hành, dự kiến Vinamilk sẽ chi khoảng 3.135 tỷ đồng trả cổ tức đợt này cho cổ đông.\nTrước đó Vinamilk đã công bố kết quả kinh doanh 6 tháng đầu năm 2021 với doanh thu giảm 2,5% so với cùng kỳ, còn 28.906 tỷ đồng. Lợi nhuận sau thuế giảm sút 6,9% xuống còn 5.459 tỷ đồng, trong đó lợi nhuận sau thuế thuộc về cổ đông công tymej đạt 5.410 tỷ đồng.\nTính đến 30/6/2021 Vinamilk còn 6.631 tỷ đồng lợi nhuận sau thuế chưa phân phối. Ngoài ra công ty còn 3.844 tỷ đồng trong quỹ đầu tư phát triển, 202 tỷ đồng vốn khác của chủ sở hữu và 34 tỷ đồng thặng dư vốn cổ phần.\nVinamilk (VNM) lãi sau thuế 2.862 tỷ đồng trong quý 2, nâng tổng lãi 6 tháng lên gần 5.460 tỷ đồng']"
14,"['Kinh Bắc (KBC): Quý 2 lãi 71 tỷ đồng, giảm sâu so với quý đầu năm 2021']","['Tổng công ty Phát triển Đô thị Kinh Bắc - CTCP (Mã CK: KBC) đã công bố BCTC quý 2/2021 và luỹ kế 6 tháng đầu năm 2021.\nTheo đó, riêng quý 2/2021, doanh thu thuần đạt 750 tỷ đồng, sau khi trừ giá vốn lợi nhuận gộp đạt 448 tỷ đồng tăng tới 296% so với quý 2/2020.\nTrong kỳ chi phí tài chính và chi phí QLDN lần lượt tăng thêm 230% và 212%, nhờ lãi gộp ở mức cao nên sau khi trừ các khoản chi phí lợi nhuận sau thuế đạt 70,6 tỷ đồng tăng cao gấp 6,4 lần so với cùng kỳ năm trước. LNST công ty mẹ là 34,4 tỷ đồng trong khi cùng kỳ lỗ gần 3 tỷ đồng.\nTheo giải trình từ phía công ty nguyên nhân lợi nhuận quý 2/2021 tăng đột biến là do công ty tăng ghi nhận doanh thu từ hợp đồng cho thuê đất khu công nghiệp và đô thị.\nMặc dù doanh thu và lợi nhuận quý 2/2021 tăng cao so với cùng kỳ tuy nhiên so với 2 quý gần đây thì lại thấp hơn đáng kể.\nLũy kế 6 tháng đầu năm 2021, KBC ghi nhận doanh thu thuần đạt 2.752 tỷ đồng, lợi nhuận sau thuế đạt 785 tỷ đồng, lần lượt tăng 278% và 647% so với cùng kỳ năm trước.\nADVERTISING\niTVC from Admicro\nNăm 2021, KBC đặt kế hoạch kinh doanh với tổng doanh thu là 6.600 tỷ đồng, lợi nhuận sau thuế là 2.000 tỷ đồng. \nNhư vậy, mặc dù doanh thu và lợi nhuận sau 6 tháng đầu năm 2021 tăng cao nhưng KBC cũng mới chỉ hoàn thành được các chỉ tiêu kinh doanh ở mức thấp với 42% mục tiêu về doanh thu và 39% mục tiêu về lợi nhuận.\nTính tới 30/6/2021, tổng tài sản của KBC tăng 16,6% so với đầu năm lên 27.732 tỷ đồng. Trong đó, tài sản chủ yếu là tồn kho đạt 11.623 tỷ đồng, chiếm 42% tổng tài sản, tập trung lớn nhất là ở dự án KCN và KĐT Tràng Cát (7.270 tỷ đồng).\nTrong kỳ, các khoản phải thu ngắn hạn tăng 30,1% so với đầu năm, tương ứng tăng thêm 1.997 tỷ đồng lên 8.635 tỷ đồng. Trong đó, đáng chú ý khoản mục phải thu khác về cho vay ngắn hạn tăng đột biến từ 925 tỷ đồng lên 1.822 tỷ đồng.\nNgoài ra, trong kỳ tổng nợ vay ngắn hạn và dài hạn tăng 30% so với đầu năm, tương ứng tăng thêm 1.726 tỷ đồng lên 7.491 tỷ đồng và chiếm 27% tổng nguồn vốn.']"
15,"['Đơn hàng nhiều, doanh nghiệp dệt may đồng loạt lãi cao trong nửa đầu năm 2021']","['Đơn hàng dồi dào giúp doanh thu khởi sắc\nThị trường dệt may nửa đầu năm nay, nhìn chung đã khởi sắc trở lại khi xuất khẩu tăng hơn 15% so với cùng kỳ năm 2020. Bộ Công Thương đánh giá, một số thị trường xuất khẩu chính như Mỹ, châu Âu tăng nhu cầu mua sắm quần áo, giày dép khi kinh tế bắt đầu hồi phục, các lệnh giãn cách xã hội được gỡ bỏ nhờ đẩy nhanh chiến dịch tiêm vaccine phòng Covid-19.\nNhớ lại thời điểm này năm ngoái, khi đợt dịch thứ 2 bùng phát, các doanh nghiệp dệt may trong tình trạng đối tác liên tục hoãn, hủy đơn hàng. Năm nay, hầu hết các doanh nghiệp đều có đơn hàng sản xuất tới hết năm.\nTrên sàn niêm yết các doanh nghiệp dệt may công bố KQKD nửa đầu năm ấn tượng với doanh thu đều tăng trưởng so với cùng kỳ.\nTheo đó về doanh thu đa phần các doanh nghiệp dệt may có mức tăng trưởng doanh thu 2 con số trong đó TNG và GIL có mức tăng trưởng doanh thu tốt nhất đạt 29 – 30%.\nTNG cho biết ngay từ đầu năm công ty đã định hướng được việc tập trung vào khai thác, tăng tỷ trọng các khách hàng FOB chủ đạo cùng với việc khách hàng dịch chuyển đơn hàng từ các nước bị ảnh hưởng bởi dịch bệnh sang Việt Nam. Trong cơ cấu doanh thu, hàng FOB tăng 73% so với cùng kỳ.\nTrong khi đó GIL là một trong những công ty ở Việt Nam phục vụ được một trong những khách hàng khó tính trên thế giới như Amazon, Ikea… Công ty sẽ tiếp tục duy trì đơn hàng với các khách hàng lớn. Nhờ thay đổi cơ cấu mặt hàng xuất bán trong kỳ mà GIL có mức doanh thu tăng trưởng cao trong nửa đầu năm nay.\nTiếp đó Sợi Thế Kỷ, Hanosimex và KMR cũng lần lượt có mức tăng trưởng doanh thu đạt 24%, 23% và 21%.\nỞ chiều ngược lại May 10, May Nhà Bè và Dệt Phong Phú có mức doanh thu sụt giảm so với cùng kỳ trong đó May 10 đạt doanh thu thuần gần 1433 tỷ đồng, giảm 20% so với thực hiện trong nửa đầu năm trước.\nTrước đó lo ngại thiếu hụt lao động, May Nhà Bè (MNB) đặt kế hoạch năm 2021 sụt giảm 2 con số. Công ty cho biết các đơn hàng giảm đột ngột, đặc biệt là chủng loại veston, sơ mi cao cấp vốn là sản phẩm chiến lược truyền thống mang lại giá trị cao cho May Nhà Bè, đều sụt giảm đáng kể. Để thích ứng với tình hình thực tế, doanh nghiệp này nói riêng buộc phải chuyển đổi sản xuất các chủng loại khẩu trang, sản phẩm bảo hộ y tế, quần áo thể thao,…\nLợi nhuận tăng trưởng tới 3 con số\nNhờ doanh thu khởi sắc và tiết kiệm chi phí mà hàng loạt doanh nghiệp dệt may có lợi nhuận tăng trưởng rất cao trong nửa đầu năm 2021. Trong đó có nhiều doanh nghiệp có lợi nhuận tăng trưởng gấp nhiều lần so với cùng kỳ như KMR sau khi chỉ lãi thấp trong nửa đầu năm ngoái năm nay có lãi 12,4 tỷ đồng cao gấp 62 lần cùng kỳ.\nĐáng chú ý ông lớn Vinatex (VGT) sau khi gặp khó trong quý 1 thì sang quý 2 các đơn hàng phục hồi cả về số lượng lẫn giá bán đặc biệt khủng hoảng chính trị Myanmar cùng với làn sóng dịch dịch bệnh bùng phát tại Ấn Độ, Bangladesh đã khiến nhiều hãng thời trang trên thế giới dịch chuyển sản xuất qua Việt Nam, đơn hàng dồi dào giúp nâng cao hiệu quả của doanh nghiệp. Kết quả VGT lãi sau thuế nửa đầu năm đạt 591 tỷ đồng, gấp 2,2 lần so với nửa đầu năm 2020, LNST thuộc về công ty mẹ là 292 tỷ đồng.\nTiếp đó là mức tăng trưởng lợi nhuận ấn tượng của May Việt Tiến (VGG) đạt 70 tỷ đồng LNST tăng 117%, Sợi Thế Kỷ (STK) tăng 156% hay Hanosimex (HSM) tăng cao gấp hơn 3 lần cùng kỳ. EVE cũng chuyển từ lỗ snag có lãi 9 tỷ đồng trong nửa đầu năm 2021.\nỞ chiều ngược lại cá biệt có trường hợp của May Nhà Bè (MNB), doanh nghiệp này không chỉ có mức doanh thu sụt giảm mạnh mà còn báo lỗ 31 tỷ đồng cao gấp 2 lần so với mức lỗ cùng kỳ. Doanh nghiệp này cho biết nguyên nhân thua lỗ là do ảnh hưởng của đại dịch Covid – 19 tại Việt Nam và toàn thế giới, đặc biệt là tại Châu Âu, Châu Mỹ, Châu Á đồng thời cũng là thị trường xuất khẩu chủ lực của MNB và các công ty con, côn ty liên doanh liên kết.\nThách thức trong nửa cuối năm 2021\nVới kết quả kinh doanh ấn tượng trong nửa đầu năm nay đã giúp các doanh nghiệp dệt may có tỷ lệ hoàn thành kế hoạch năm 2021 ở mức cao trong đó có Gillimex (GIL) đã vượt kế hoạch đề ra cho cả năm, Vinatex và Dệt Phong Phú có tỷ lệ hoàn thành kế hoạch lần lượt là 84% và 95%.\nThời điểm này, mặc dù nhiều doanh nghiệp dệt may liên tục nhận đơn hàng mới, nhưng trong bối cảnh dịch Covid-19 vẫn diễn biến phức tạp tại nhiều địa phương, nguy cơ thiếu hụt lao động và chậm tiến độ giao trả hàng, ngành dệt may đang phải đối mặt với nhiều thách thức trong những tháng cuối năm.\nTheo đó nhiều doanh nghiệp trong ngành cho rằng tiêm vaccine phòng COVID-19 là giải pháp hữu hiệu để giữ chân người lao động.']"
16,"['HAGL Agrico (HNG): Nửa đầu năm lỗ ròng 123 tỷ đồng, dư nợ tại Thaco chiếm đến 47% tổng tài sản với 7.359 tỷ đồng']","['HAGL Agrico (HNG) vừa công bố BCTC hợp nhất quý 2/2021 với doanh thu thuần hơn 252 tỷ đồng, giảm phân nửa so với cùng kỳ năm 2020. Khấu trừ giá vốn, Công ty chỉ còn lãi khoảng 18 tỷ đồng, giảm mạnh so với mức 132 tỷ hồi quý 2/202.\nVề hoạt động tài chính, doanh thu tăng đáng kể. Chi phí lãi vay cũng tăng từ mức 109 tỷ (quý 2/2020) lên gần 121 tỷ đồng. Đặc biệt, do không còn phát sinh khoản hoàn nhập như cùng kỳ năm 2020, khiến chi phí ghi nhận tăng mạnh.\nKhấu trừ chi phí, HNG lỗ ròng hơn 129 tỷ đồng, cùng kỳ lãi hơn 9 tỷ.\nGiải trình, HNG cho biết:\n+ Do ảnh hưởng của dịch bệnh Covid-19 đã làm giá mua vật tư nông nghiệp, bao bì đóng gói và chi phí vận chuyển bằng đường biển tăng so với quý 1/2021.\n+ Chi phí nhân công cũng tăng do ảnh hưởng Covid-19 dẫn đến nguồn lao động địa phương bị hạn chế do quy định giãn cách xã hội tại các địa phương có dự án. Chi phí phát sinh cho lao động người Việt tăng cao từ quý 2/2021 do quy định về cách ly và kiểm tra phòng ngừa Covid-19 tăng tại cửa khẩu.\n+ Tại thời điểm 30/6/20201, Công ty có thực hiện trích lập dự phòng một số khoản phải thu là 43 tỷ đồng, thanh lý hàng tồn kho trái cây chế biến (IQF) đã sản xuất từ năm 2019.\n+ Mặt khác, sản lượng và doanh thu chưa tăng như kỳ vọng do các vườn cây chuối, dứa, xoài đang trong giai đoạn cải tạo và khắc phục tình trạng thiếu nước, thiếu điện, thiếu phân bón từ cuối năm 2020 chuyển sang,đồng thời năng suất và chất lượng không thể cải thiện trong thời gian ngắn.\nLuỹ kế nửa đầu năm, HNG đạt 512 tỷ doanh thu, giảm 56% so với cùng kỳ. Khấu trừ, Công ty lỗ ròng gần 123 tỷ đồng, nửa đầu năm 2020 lãi hơn 11 tỷ đồng.\nTheo đó, lỗ luỹ kế của HNG tính đến thời điểm 30/6/2021 vào mức 2.429 tỷ đồng. Đây là quý thứ 2 sau khi bầu Đức rút lui khỏi HNG và nhường lại cho Thaco cầm lái.\nDư nợ với Thaco hiện vào mức 7.359 tỷ đồng – tương đương 47% tổng tài sản HNG\nDù phía Thaco vừa có quyết định dừng không mua thêm cổ phần HNG để hoán đổi nợ như kế hoạch trước đó, nhóm Thaco vẫn đang nắm cổ phần kiểm soát tại HNG với tổng sở hữu là 38,38%. Ngược lại, nhóm cổ đông HAG đã dần hạ tỷ trọng tại HNG, hiện về mức 16,34% vốn.\nTheo Nghị quyết ngày 31/7 vừa qua, HNG sẽ thực hiện cấn trừ công nợ số tiền chuyển nhượng 4 công ty con với khoản tiền HNG nợ Thaco. Dự kiến sau cấn trừ, tổng nợ HNG phải trả cho Thaco còn 7.359 tỷ đồng, chiếm 47% tổng tài sản Công ty.\nQuý 3 dự đạt 353 tỷ doanh thu, gấp rút hoành thành và bàn giao sân bay NongKhang cho Lào\nLên kế hoạch cho quý 3/2021, HNG dự kiến sản lượng trái cây đạt 24.586 tấn, tăng 40% so với quý 2/2021. Trong đó, chuối đạt 22.453 tấn, dứa 165 tấn. Cùng với đó, HNG dự kiến khai thác 1.500 ha mủ cao su. Tổng doanh thu theo đó dự đạt 353 tỷ đồng.\nĐể đạt được những chỉ tiêu trên, HNG chủ trương tập trung đầu tư mới hệ thống thủy lợi gồm hệ thống hố thu và trạm bơm chính, hồ chứa nước trung gian và hồ tưới để chuẩn bị phục vụ mùa khô năm 2022. Song song, Công ty cũng lên kế hoạch đầu tư mới và nâng cấp hệ thống điện, đường dây trung thế, xây dựng đê để ngăn lũ...\nPhía HNG cũng thông tin thêm, hiện tiến độ dự án sân bay NongKhang đã hoàn thành 92,34%, tuy nhiên do thực tế phát sinh một số khối lượng vông việc so với hợp đồng và do dịch Covid-19 dẫn đến tiến độ chậm hơn so với dự kiến. Công ty cho biết sẽ gấp rút phối hợp với các nhà thầu để sớm hoàn tất dự án và tiến hành bàn giao cho Chính phủ Lào.']"
17,"['Thị giá tăng 144%, vốn hóa Sunshine Homes (SSH) gần chạm ngưỡng 600 triệu USD chỉ sau 5 phiên lên sàn']","['Chốt phiên giao dịch 10/8, cổ phiếu SSH của CTCP Phát triển Sunshine Homes tăng kịch biên độ 14,8%, đưa thị giá lên mức 52.600 đồng/đơn vị. Tại mức giá này, với 250 triệu cổ phiếu đang lưu hành, vốn hoá thị trường của Sunshine Homes đã đạt mức 13.150 tỷ đồng (~572 triệu USD), vượt mặt hàng loạt “lão làng” trong ngành BĐS như FLC, DIG, TCH...\nCổ phiếu SSH bắt đầu giao dịch trên sàn UPCoM vào phiên 4/8, tính đến nay đã giao dịch được 5 phiên. Đây cũng là 5 phiên liên tiếp ghi nhận thị giá ""đội trần""; so với mức giá tham chiếu phiên đầu tiên là 21.600 đồng/cổ phiếu, thị giá SSH đã tăng 144%. \nMặc dù giá trị cổ phiếu liên tục bứt phá như vậy, song thanh khoản SSH lại rất thấp khi chỉ từ 500 - 1.000 cổ phiếu được khớp lệnh mỗi phiên. Cụ thể trong phiên giao dịch 10/8, chỉ có 1.000 cổ phiếu được khớp lệnh, trong khi dư mua tại mức giá trần ghi nhận gần 1,4 triệu đơn vị.\nSSH hoạt động trong lĩnh vực BĐS phân khúc cao cấp với 4 dòng sản phẩm chính là căn hộ hạng sang (Shunshine Apartment), biệt thự thấp tầng (Shunshine Villas), biệt thự trên không (Shunshine Sky Villas) và văn phòng trung tâm thương mại cho thuê.\nBên cạnh đó, SSH cũng đang hướng đến việc phát triển thêm nhiều các dự án bất động sản công nghiệp, các đại đô thị thông minh - Smart City với khát vọng định hình và thay đổi diện mạo, mang đến chuẩn đô thị mới với tâm điểm là các công dân điện tử, trong xu thế số hoá đang ngày càng trở thành tất yếu.\nKết quả kinh doanh 6 tháng đầu năm 2021 được SSH công bố trước khi chào sàn UPCoM ghi nhận sự bứt phá mạnh mẽ. Doanh thu đạt gần 990 tỷ đồng và lợi nhuận sau thuế đạt 145 tỷ, trong khi cùng kỳ lỗ gần 7 tỷ đồng. Biên lợi nhuận gộp được cải thiện từ 25% lên 36%. Tính tới 30/6/2021, tổng tài sản của SSH tăng 25% so với đầu năm lên mức 12.540 tỷ đồng.\nBước sang năm 2021, kế hoạch đề ra doanh thu và lợi nhuận sau thuế lần lượt là 2.000 tỷ đồng và 300 tỷ đồng. Còn đến năm 2022, SSH đặt chỉ tiêu doanh thu và lãi ròng là 3.000 tỷ đồng và 450 tỷ đồng; đồng thời dự kiến sẽ bắt đầu chi trả cổ tức với tỷ lệ 10%.\nVề cơ cấu cổ đông, tính đến 1/7/202, Công ty CP Phát triển Sunshine Homes gồm có 131 cổ đông, toàn bộ là cổ đông trong nước. Trong đó bao gồm 2 cổ đông lớn nắm giữ 71% cổ phần, các cổ đông khác nắm giữ 29% còn lại.  \nTính đến 30/6/2021, SSH sở hữu ba công ty con - liên kết đều hoạt động trong lĩnh vực kinh doanh BĐS.']"
18,"['Ảnh hưởng của dịch bệnh, nhiều doanh nghiệp ngành bia rượu báo lãi quý 2/2021 giảm sút so với cùng kỳ']","['Quý 2/2021 kết thúc trong thời điểm cả nước đang căng mình chống đợt dịch Covid-19 bùng phát. Do vậy, hầu hết các doanh nghiệp ngành bia, rượu sẽ gặp khó khăn do tình hình tiêu thụ, do ảnh hưởng của các lệnh giãn cách, hạn chế tụ tập.\nSabeco và Habeco đồng loạt sụt giảm lợi nhuận\nÔng lớn Sabeco (SAB) báo cáo doanh thu hợp nhất quý 2/2021 đạt 7.272 tỷ đồng, đi ngang so với cùng kỳ. Tuy nhiên chi phí bán hàng tăng mạnh nên lợi nhuận sau thuế còn 1.071 tỷ đồng, giảm 12% so với cùng kỳ.\nLũy kế 6 tháng đầu năm 2021 doanh thu đạt 13.165 tỷ đồng, tăng 9% so với nửa đầu năm ngoái. Khấu trừ hết chi phí, Sabeco còn lãi sau thuế 2.057 tỷ đồng, tăng 6% so với cùng kỳ.\nTheo Sabeco, Công ty đã thực hiện nhiều giải pháp toàn diện để tối ưu việc quản lý kinh doanh và tiếp tục đẩy mạnh các hoạt động bán hàng, từ đó góp phần giảm thiểu ảnh hưởng từ làn sóng thứ 3 và thứ 4 của đại dịch Covid-19, nâng cao hiệu quả kinh doanh. Báo cáo ghi nhận, tổng chi phí quảng cáo và khuyến mại 6 tháng đầu năm 2021 của công ty tăng 62% so với cùng kỳ, lên 1.246 tỷ đồng. Thực trạng cho thấy chiến dịch gia tăng quảng cáo, khuyến mại đã giúp doanh thu và lợi nhuận của công ty tăng.\nChiếm lĩnh thị phần miền Bắc, Habeco (BHN) cũng kết thúc quý 2 với lợi nhuận giảm sút so với cùng kỳ. Cụ thể, doanh thu thuần đạt 1.936 tỷ đồng, giảm 9% so với quý 2/2020. Cũng do chi phí bán hàng tăng dẫn đến lợi nhuận sau thuế giảm 26% so với cùng kỳ, còn 182 tỷ đồng. Habeco cho biết, chi phí bán hàng tăng chủ yếu do chi phí quảng cáo, khuyến mại, hỗ trợ và chi phí khác. Điều này phù hợp với kế hoạch tập trung nguồn lực vào các chương trình khuyến mại đã được cổ đông Habeco thông qua tại cuộc họp ĐHCĐ thường niên 2021 vừa qua.\nLũy kế 6 tháng đầu năm 2021 Habeco đạt 3.312 tỷ đồng doanh thu thuần và 230 tỷ đồng LNST, vẫn lần lượt tăng 15% và 58% so với cùng kỳ.\nHalico (HNR) tiếp tục thua lỗ\nSau quý 1 có vẻ khởi sắc với số lỗ chỉ 1 tỷ đồng, doanh thu tăng đột biến 34% lên gần 36 tỷ đồng khiến nhà đầu tư chú ý thì quý 2 ""đâu lại vào đó"". Doanh thu quý 2 tiếp tục giảm 37% so với cùng kỳ, còn hơn 17,2 tỷ đồng và lỗ tiếp 12,3 tỷ đồng, gần gấp đôi so với số lỗ 6,5 tỷ đồng quý 2 năm ngoái. Tính chung 6 tháng đầu năm 2021 Halico lỗ 13,3 tỷ đồng, nâng tổng lỗ lũy kế chưa phân phối lên 458 tỷ đồng.\nTrên thực tế, ảnh hưởng của dịch bệnh, của các lệnh hạn chế tụ tập, tiếp xúc, hạn chế việc tổ chức tiệc tùng mỗi lần bùng phát dịch, cùng với mức phạt đủ sức răn đe đối với việc uống rượu bia khi lái xe đã khiến sức mua giảm. Cộng với đó quý 2 là quý bước vào mùa nóng tại Việt Nam, lượng tiêu thụ rượu giảm sút so với quý 1 cũng không lạ.\nNhiều doanh nghiệp ngành bia vẫn báo lãi tăng trưởng\nNgoài 2 ông lớn Sabeco và Habeco, và cồn rượu Halico, hầu hết các doanh nghiệp bia rượu khác trên sàn đều là công ty con, liên doanh liên kết có liên quan đến các sản phẩm mang thương hiệu của Bia Sài Gòn hoặc Bia Hà Nội.\nPhần lớn các doanh nghiệp ngành bia khác cũng báo lãi quý 2 tăng trưởng so với cùng kỳ như Bia Sài Gòn Miền Tây (WSB), như Bia Sài Gòn Phú Thọ (BSP), Bia Sài Gòn Sông Lam (BSL), Bia Sài Gòn Miền Trung (SMB) hay lợi nhuận đi ngang như Bia Sài Gòn Quảng Ngãi (BSQ).\nCá biệt có doanh nghiệp báo lãi quý 2 giảm sút so với cùng kỳ như Bia Hà Nội Hải Dương 9HAD). Hay những doanh nghiệp báo lỗ như cùng kỳ như Bia Hà Nội Quảng Bình (BQB), như Bia Sài Gòn Bạc Liêu (SBL).\nSSI Research: Ngành bia phải đến năm 2022 mới hồi phục hoàn toàn, 2 ""ông lớn"" Sabeco và Heineken vẫn miệt mài ""chạy đua""']"
19,['Một lãnh đạo của VLXD Bình Dương quyết tâm chi trăm tỷ mua thêm hơn chục triệu cổ phiếu MVC'],"['Bà Phạm Kim Oanh, Ủy viên HĐQT CTCP Vật liệu xây dựng Bình Dương (mã chứng khoán MVC) thông báo đăng ký mua thêm 10,5 triệu cổ phiếu MVC để gia tăng tỷ lệ sở hữu. Giao dịch dự kiến thực hiện từ 12/8 đến 10/9/2021.\nHiện bà Kim Oanh đang là cổ đông lớn sở hữu 14,4 triệu cổ phiếu MVC.\nĐây cũng không phải là lần đầu bà Oanh đăng ký mua số cổ phiếu này. Trước đó bà Kim Oanh đăng ký mua đúng 10,5 triệu cổ phiếu MVC giai đoạn từ 30/6 đến 27/7/2021. Tuy vậy hết thời gian đăng ký bà Oanh vẫn không mua được cổ phiếu nào.\nThời điểm bà Oanh đăng ký mua, cổ phiếu MVC giao dịch quanh mức 9.600 đồng/cổ phiếu, tương ứng bà Kim Oanh dự kiến chi khoảng trăm tỷ đồng cho dự kiến tăng tỷ lệ sở hữu này. Bà Kim Oanh thông báo nguyên nhân không mua được số cổ phiếu đăng ký là do diễn biến giá trên thị trường không như kỳ vọng.\nADVERTISING\niTVC from Admicro\nCòn trên thực tế, hiện cổ phiếu MVC đã giảm, thậm chí trước đó còn xuống dưới ngưỡng 8.000 đồng/cổ phiếu trước khi tăng trở lại lên vùng giá 9.100 đồng/cổ phiếu như hiện nay.\nCũng liên quan đến các giao dịch cổ phiếu MVC, trước đó ông Nguyễn Thành Nhân – cũng là Ủy viên HĐQT của VLXD Bình Dương - đăng ký bán toàn bộ gần 24 triệu cổ phiếu MVC (tỷ lệ 23,95%). Giao dịch cũng dự kiến thực hiện cùng đợt với lần đăng ký mua trước đó của bà Kim Oanh – từ 29/6 đến 27/7/2021. Và ông Thành Nhân cũng chưa bán được số cổ phiếu này. Hiện chưa có thông tin ông Nhân lại tiếp tục mang cổ phiếu ra bán.\nCơ cấu cổ đông của VLXD Bình Dương hiện tại có Tổng Công ty Thanh Lễ là cổ đông lớn nhất sở hữu 25 triệu cổ phần. Cổ đông lớn thứ 2 chính là ông Nguyễn Thành Nhân – người vừa quyết định mang toàn bộ cổ phần ra bán; ngoài ra có hai cổ đông lớn khác là bà Oanh với tỷ lệ sở hữu 14,4% vốn và ông Nguyễn Xuân Thuận với lượng nắm giữ 9,6% vốn.\nỦy viên HĐQT VLXD Bình Dương muốn chi hơn 100 tỷ mua cổ phiếu MVC']"
20,"['Thị giá 160.000 đồng/cp, Digiworld (DGW) chốt quyền nhận cổ tức bằng tiền và phát hành cổ phiếu thưởng tổng tỷ lệ 110%']","['Ngày 23/8 tới đây, CTCP Thế giới số (Digiworld, Mã CK: DGW) sẽ chốt danh sách cổ đông thực hiện quyền trả cổ tức năm 2020 bằng tiền mặt đồng thời phát hành cổ phiếu thưởng từ nguồn vốn chủ sở hữu với tổng tỷ lệ 110%. Thời gian thanh toán dự kiến là 8/9/2021.\nCụ thể, Digiworld dự kiến chi trả cổ tức bằng tiền với tỷ lệ 10%, ứng với cổ đông sở hữu mỗi 1 cổ phiếu sẽ nhận được về 1.000 đồng. Ước tính với hơn 44,2 triệu cổ phiếu đang lưu hành, doanh nghiệp dự kiến chi ra khoảng 442 tỷ đồng để thanh toán cổ tức năm 2020.\nNgoài ra, trong quý 3/2021, Digiworld cũng sẽ phát hành cổ phiếu thưởng cho cổ đông hiện hữu với tỷ lệ phân bổ 1:1, đồng nghĩa cổ đông sở hữu mỗi 1 cổ phiếu được nhận về 1 cổ phiếu mới, tương đương phát hành thêm 44,2 triệu cổ phiếu.\nNguồn vốn được lấy từ phần lợi nhuận sau thuế chưa phân phối. Tại thời điểm 31/12/2020, số lợi nhuận lũy kế chưa phân phối trong BCTC ghi nhận 670 tỷ đồng. Sau phát hành, vốn điều lệ của Digiworld dự kiến tăng gấp đôi lên mức 884 tỷ đồng.\nKết quả kinh doanh năm 2021 của Digiword ghi nhận rất tích cực, doanh thu thuần đạt hơn 12.535 tỷ đồng, tăng đến 48% so với cùng kỳ năm trước. Khấu trừ các khoản chi phí, công ty đạt LNST hơn 267 tỷ đồng, tăng 64% so với thực hiện năm 2019.\nADVERTISING\niTVC from Admicro\nBước sang năm 2021, tính đến hết quý 2, dù chịu ảnh hưởng của dịch Covid-10 song Digiworld vẫn ghi nhận doanh thu thuần 4.218 tỷ đồng và lợi nhuận sau thuế 116 tỷ đồng, tăng trưởng lần lượt 63% và 142% so với cùng kỳ năm trước.\nLũy kế doanh thu thuần 6 tháng đầu năm đạt 9.225 tỷ đồng (+88%) và LNST đạt 223 tỷ (+139%). Như vậy, công ty đã hoàn thành 61% kế hoạch năm về doanh thu và 74% kế hoạch năm về LNST.\nTrên thị trường, thị giá DGW bắt đầu gia nhập câu lạc bộ ""3 chữ số"" của chứng khoán Việt từ khoảng đầu năm 2021 và vẫn đang trong đà leo dốc về giá. Chốt phiên 9/8, DGW lên đỉnh lịch sử mới 159.600 đồng/cổ phiếu, tương đương tăng 86% kể từ đầu năm 2021. Vốn hóa vượt mức 7.054 tỷ đồng.']"
21,['Đại diện Gemadept: Giá cước vận tải biển sẽ tiếp đà tăng và có thể đạt đỉnh vào quý 4/2021'],"['Dịch Covid-19 diễn biến khó lường và lan rộng ra toàn cầu, đặt cộng đồng doanh nghiệp thế giới và Việt Nam trước những nguy cơ khó lường, sự đứt gãy chuỗi cung ứng toàn cầu, tác động của việc phong tỏa, giãn cách xã hội. Trong đó, vận tải đường biển thiếu hụt container rỗng phục vụ xuất khẩu, giá cước vận tải tăng; việc vận chuyển hàng hóa đi/đến giữa các cảng/khu vực, quốc gia… gặp khó khăn đẩy giá cước liên tục tăng nóng.\nThực tế, giá cước tính đến thời điểm tháng 7/2021 đã tăng gấp hơn 7-8 lần, thậm chí hơn 10 lần so với thời điểm tháng 1/2020, cao nhất trong vòng 4 năm trở lại đây và theo các chuyên gia dự báo, giá cước vận tải biển quốc tế sẽ tiếp tục leo thang trong thời gian tới.\nĐiều này tạo động lực giúp các mã cảng biển tăng nóng từ đầu năm, thanh khoản đột biến. Chốt phiên 9/8/2021, cổ phiếu VNA (Vinaship) kịch trần tại mức 30.500 đồng/cp – cao gấp hơn 6 lần so với mức giá hồi đầu tháng 6. Không kém cạnh, HAH của Hải An cũng tăng phi mã, từ mức 17.000 đồng/cp hồi đầu năm lên 55.600 đồng/cp.\nCác mã khác như STG (Sotrans), VOS (Vosco)… cũng tăng mạnh và đồng loạt kịch trần trong phiên đầu tuần (9/8/2021), giữa bối cảnh giá cước biển leo thang lên đỉnh cao mới.\nGiá cước tăng phi mã đưa tỷ suất lợi nhuận của hãng tàu đạt đỉnh 10 năm\n""Với sự gia tăng phi mã của giá cước, các hãng tàu, đặc biệt là hãng tàu ngoài đều có lợi nhuận rất lớn trong năm 2020 và 6 tháng đầu năm 2021. Tỷ suất lợi nhuận trước thuế và lãi vay (EBIT margin) của các hãng tàu đã đạt mức cao nhất trong vòng 10 năm trở lại đây"", đại diện Gemadept (GMD) trao đổi.\nNguyên nhân theo vị này, do các hãng vận tải biển đang nắm quyền quyết định giá lớn hơn so với các chủ hàng/khách hàng xuất nhập khẩu của các hãng vận tải biển và do đó, họ đang quản lý công suất vận tải biển theo hướng tận dụng quyền kiểm soát giá này.\nNgoài ra, một số nguyên nhân khác cũng tác động như cầu tăng khi một số nước khôi phục nền kinh tế sau đại dịch, trong khi khả năng cung ứng dịch vụ bị ảnh hưởng, tắc nghẽn tại cảng Yantain, kẹt tàu tại kênh đào Suez... dẫn đến đứt gãy chuỗi cung ứng toàn cầu, thiếu hụt nghiêm trọng container rỗng.\nĐặc biệt, việc tắc nghẽn cảng biển nghiêm trọng tại Yantian (miền Nam Trung Quốc) là một trong những ví dụ điển hình của tác động từ Covid-19. Đây là một trong những cảng chuyển tải chính của khu vực, cảng tắc nghẽn khiến lịch tàu của toàn bộ hàng trung chuyển trên các tuyến chính bị xô lệch nghiêm trọng, các hãng tàu lớn phải điều chỉnh lại lịch tàu, cơ cấu lại tuyến chuyến… Hệ quả, chi phí logistics phát sinh tăng thêm đáng kể do kẹt cầu bến, kho bãi.\nNgoài ra, sự chênh lệch trong hoạt động kiểm soát dịch bệnh và phục hồi sản xuất giữa 2 khu vực Thái Bình Dương và khu vực Mỹ, EU cũng dẫn tới hiện tượng lệch cán cân thương mại.\nGiá cước có thể đạt đỉnh vào quý 4/2021\nDự báo về cơ hội của ngành đến cuối năm, đại diện Gemadept dẫn chứng từ báo cáo Chỉ số Logistics (LPI) thị trường mới nổi, cho thấy Việt Nam vào top 10 quốc gia đứng đầu và vươn lên đứng thứ 3 về chỉ số này trong số các nước ASEAN. Hội nhập kinh tế sâu rộng và việc thực thi các FTA mang đến nhiều cơ hội tăng trưởng hơn nữa cho ngành logistics của Việt Nam.\nTrong năm 2021, ngành logistics cần tập trung vào 3 vấn đề chủ yếu là: tài chính, hoạt động kinh doanh và nhân lực.\nVề giá cước, nhiều chuyên gia trong ngành dự báo giá cước sẽ tiếp tục tăng cao cho đến khi thế giới khống chế được dịch. Giá cước có thể đạt đỉnh vào quý 4/2021, sau đó sẽ điều chỉnh nhẹ vào nửa đầu năm 2022 và hạ nhiệt đáng kể vào năm 2023.\n""Ngay cả khi giá cước hạ nhiệt trở lại thì mặt bằng giá mới cũng sẽ cao hơn so với thời điểm trước khi xảy ra đại dịch Covid -19. Do đó, vai trò của các doanh nghiệp khai thác cảng và logistics sẽ đặc biệt quan trọng, nhất là trong giai đoạn hiện nay"", vị này nhấm mạnh.\nRiêng Gemadept, là công ty sở hữu hệ sinh thái tích hợp cảng - logistics lớn tại Việt Nam với chuỗi cung ứng toàn diện, ban lãnh đạo nhận thấy triển vọng tích cực từ phục hồi thương mại toàn cầu và nhu cầu giao thương hàng hóa tăng cao sau đại dịch sẽ góp phần tăng trưởng sản lượng thông quan cảng biển.\nDự báo, 6 tháng cuối năm là mùa cao điểm của ngành cảng và logistics của Gemadept khi (i) việc ký kết thêm hợp đồng với các hãng tàu; song song (ii) Việt Nam được sự báo sẽ cơ bản khống chế được dịch trong tháng 8, vì vậy kinh tế kỳ vọng sẽ hồi phục và phát triển mạnh từ tháng 9 trở đi.\nMục tiêu cho giai đoạn 2021 – 2025, Gemadept chủ trương duy trì tăng trưởng ở mức hai con số để đảm bảo đến năm 2025, Công ty tăng trưởng lợi nhuận gấp 3 lần so với thực hiện của năm 2020.\nChủ tịch Hải An (HAH) Vũ Ngọc Sơn: Giá cước vận tải vẫn ở mức cao đến cuối năm 2022, doanh nghiệp cảng biển có đủ cơ sở tiếp tục duy trì mức lợi nhuận tốt']"
22,"['Doanh nghiệp sản xuất phụ tùng cho Honda, Yamaha chốt quyền trả cổ tức bằng tiền tỷ lệ 35%']","['Ngày 19/8 tới đây, CTCP Phụ tùng máy số 1 (Mã CK: FT1) sẽ chốt danh sách cổ đông thực hiện chi trả cổ tức năm 2020 bằng tiền tỷ lệ lên tới 35%, tương ứng cổ đông sở hữu 1 cổ phiếu được nhận về 3.500 đồng. Thời gian thanh toán 20/09/2019.\nVới hơn 7 triệu cổ phiếu đang niêm yết và lưu hành, Phụ tùng máy số 1 sẽ chi xấp xỉ 25 tỷ đồng chi trả cổ tức đợt này cho cổ đông.\nPhụ tùng máy số 1 lâu nay luôn được biết đến là doanh nghiệp chủ yếu cung ứng linh kiện, phụ tùng, động cơ cho nhiều công ty như Honda, Yamaha, Atsumitec, SUMUMOTO, VMEP, PIAGGIO,… cùng với doanh nghiệp nội địa và xuất khẩu.\nBên cạnh đó, đây cũng là công ty thường xuyên chia cổ tức ở mức cao và ổn định, tỷ lệ trong các năm trước đó đều từ 32-35% bằng tiền mặt.\nADVERTISING\niTVC from Admicro\nVề kết quả kinh doanh năm 2020, Phụ tùng máy số 1 đạt hơn 750 tỷ đồng doanh thu, giảm 17% so với năm 2017. Tuy nhiên, các khoản chi phí bán hàng và chi phí quản lý doanh nghiệp đồng loạt được tiết giảm nên LNST đạt xấp xỉ 46 tỷ đồng, tăng nhẹ so với năm trước và vượt 83,6% kế hoạch đề ra. EPS cải thiện từ 4.451 đồng lên 6.485 đồng.\nBước sang năm 2021, Phụ tùng máy số 1 đề ra kế hoạch tổng doanh thu tăng 6,5% lên mức 800 tỷ đồng, tuy nhiên kỳ vọng LNST đi lùi 13% về mức 40 tỷ đồng. Cổ tức chi trả dự kiến ở mức 20%.\nHiện giá cổ phiếu FT1 đã đứng tại giá tham chiếu 50.000 đồng/cp trong khoảng 1 tháng trở lại đây. Thanh khoản dường như ""đóng băng"" khi hàng chục phiên liên tiếp không có cổ phiếu nào khớp lệnh.\nCổ phiếu FT1 dường như ""đóng băng"" về thanh khoản trong thời gian dài']"
23,['TEG nhận giấy phép tăng vốn thêm hơn 316 tỷ đồng'],"['Theo cấp phép của UBCKNN, TEG sẽ chào bán 21,6 triệu cổ phiếu cho cổ đông hiện hữu theo tỷ lệ 3:2, cổ đông sở hữu 3 cổ phiếu nhận quyền mua thêm 2 cổ phiếu với giá 10.000 đồng/cổ phiếu; chào bán 10 triệu cổ phiếu thông qua đấu giá công khai, giá khởi điểm là 10.000 đồng/cổ phiếu.\nBên cạnh đó, TEG sẽ trả cổ tức tỷ lệ 5% bằng cổ phiếu, cổ đông sở hữu 100 cổ phiếu nhận thêm 5 cổ phiếu mới, nguồn vốn từ lợi nhuận sau thuế chưa phân phối. Như vậy, doanh nghiệp sẽ phát hành thêm hơn 1,6 triệu cổ phiếu.\nSố tiền thu được từ đợt phát hành cho cổ đông hiện hữu và chào bán công khai ước tính hơn 316 tỷ đồng sẽ dùng đầu tư và gia tăng sở hữu cổ phần tại CTCP Năng lượng Trường Thành (TTP). Tính tới 31/12/2020, TEG đang sở hữu 26,28% vốn điều lệ (trực tiếp và gián tiếp) tại CTCP Năng lượng Trường Thành.\nGiá trị sổ sách tại ngày 31/12/2020 của Công ty Cổ phần Năng lượng Trường Thành tại Báo cáo tài chính kiểm toán năm 2020 là 10.581 đồng/cổ phiếu, còn theo Báo cáo thẩm định giá cổ phiếu của Công ty chứng khoán chuyên nghiệp thì cổ phiếu Công ty Cổ phần Năng lượng Trường Thành có giá 16.081 đồng/cổ phần.\nTEG dự kiến mua lại 28,7 triệu cổ phiếu từ cổ đông hiện tại của TTP với giá mua tối đa 11.000 đồng/cổ phiếu. Như vậy, tổng giá trị cổ phiếu TTP dự kiến mua lại là khoảng 315,89 tỷ đồng. Sau giao dịch, tỷ lệ sở hữu trực tiếp và gián tiếp của TEG tại TTP là trên 90% cổ phần.\nCông ty Cổ phần Năng lượng Trường Thành (tiền thân là Công ty Cổ phần Năng Lượng và Công nghệ cao Trường Thành) được thành lập năm 2016 với định hướng hoạt động tập trung vào lĩnh vực năng lượng tái tạo, hướng tới các mục tiêu xanh, sạch và gắn với sự phát triển của cộng đồng và xã hội.\nADVERTISING\niTVC from Admicro\nTừ khi thành lập, TTP đã hợp tác với các đối tác nước ngoài uy tín trên thế giới và trong khu vực để thực hiện đầu tư xây dựng và phát điện thành công 3 dự án nhà máy điện mặt trời với tổng công suất đạt gần 360MWp trong tháng 5 và tháng 6 năm 2019. Đó là Nhà máy điện mặt trời Hòa Hội tại Phú Yên; Nhà máy điện mặt trời Bình Nguyên ở Quãng Ngãi và Nhà máy điện mặt trời Cát Hiệp tại Bình Định.\nCả ba dự án này đều được ký kết Hợp đồng mua bán điện với mức giá FIT cố định 9,35 UScents/kWh trong suốt 20 năm kể từ ngày phát điện thương mại, đảm bảo hiệu quả đầu tư luôn ổn định và ở mức cao với mức đóng góp trung bình hơn 500 triệu kWh mỗi năm cho hệ thống điện Việt Nam (chiếm khoảng 8% công suất nguồn của cả nước tại thời điểm phát điện thương mại).\nTTP đang là cổ đông lớn tại CTCP TTP Phú Yên (công ty dự án của ĐMT Hòa Hội), CTCP Năng lượng và Công nghệ cao Trường Thành Quảng Ngãi (công ty dự án của ĐMT Bình Nguyên) và CTCP Điện mặt trời Kỳ Sơn (công ty dự án của ĐMT Kỳ Sơn). Ngoài ra, TTP đang nắm giữ cổ phần chi phối tại CTCP TTP Phù Mỹ (dự án điện gió tại Bình Định) và CTCP TTP Trà Vinh (dự án nhà máy điện gió tại Trà Vinh). Các dự án ĐMT Kỳ Sơn, Điện gió TTP Phù Mỹ và Điện gió TTP Trà Vinh đều đã hoàn thành các bước thẩm định và đang được xem xét đề xuất bổ sung vào Quy hoạch phát triển điện lực quốc gia thời kỳ 2021-2030, tầm nhìn 2045 (Quy hoạch điện VIII).\nTTP đặt mục tiêu trở thành một công ty năng lượng uy tín trên thị trường năng lượng tái tạo của Việt Nam, hướng tới nắm giữ cổ phần chi phối tại một số dự án điện mặt trời đang phát triển, giúp đem lại nguồn doanh thu ổn định từ việc sản xuất và kinh doanh điện. Công ty dự kiến doanh thu, lợi nhuận giai đoạn 2021 – 2023 khá tích cực. Cụ thể, doanh thu năm 2021 của TTP dự kiến 44,7 tỷ đồng; 2022 là 156 tỷ đồng và 2023 là 273 tỷ đồng; tương ứng với lợi nhuận sau thuế là 33,8 tỷ; 81,18 tỷ và 161,54 tỷ đồng. Như vậy, có thể thấy tỷ suất lợi nhuận trên doanh thu của Công ty rất cao lần lượt ước đạt 75,71%; 51,74% và 59,05%.\nTrong chiến lược phát triển của mình, TTP có kế hoạch đầu tư nhiều nhà máy điện tái tạo trong 5 năm tiếp theo như Nhà máy điện mặt trời Quảng Phú tại Đăk Nông (quy mô 50MWp), Nhà máy điện mặt trời Chánh Thuận tại Bình Định (quy mô 50MWp); Nhà máy điện mặt trời Cát Hiệp 2 ở Bình Định (quy mô 50 MWp); nhà máy điện mặt trời Trường Thành Ninh Tân ở Khánh Hòa (quy mô 24,96 MWp); Nhà máy điện gió Đông Hải 3 ở Trà Vinh (quy mô 120 MW); nhà máy điện gió Tân Ân ở Cà Mau (quy mô 100 MW). Các nhà máy này đều đang chờ Quy hoạch điện VIII được thông qua để triển khai các thủ tục đầu tư.\nTheo kịch bản cơ sở của dự thảo Quy hoạch điện VIII, tới năm 2030, tổng công suất đặt nguồn điện của Việt Nam ước đạt 137,6 GW (trong đó nhiệt điện than 27%; nhiệt điện khí 21%; thủy điện 18%; điện gió, mặt trời và năng lượng tái tạo khác 29%, nhập khẩu khoảng gần 4%; thủy điện tích năng và các loại thiết bị lưu trữ năng lượng khác khoảng gần 1%).\nCơ cấu nguồn điện cho thấy Quy hoạch điện VIII vẫn khuyến khích phát triển năng lượng tái tạo (ngoài thủy điện), từ khoảng 25% năm 2020 lên tới gần 30% năm 2030. Đây chính là dư địa lớn để TTP tiếp tục phát triển trong thời gian tới, cũng là cơ hội lớn cho TEG tham gia sâu hơn vào năng lượng tái tạo với tư cách công ty mẹ của TTP.']"
24,['DIC Corp (DIG) chuẩn bị phát hành 15 triệu cổ phiếu ESOP với giá bằng nửa thị giá'],"['Tổng công ty cổ phần Đầu tư Phát triển Xây dựng (DIC Corp, DIG) thông qua việc triển khai phương án phát hành cổ phiếu mới theo chương trình lựa chọn cho người lao động trong công ty (ESOP).\nTheo đó DIC Corp dự kiến phát hành tối đa 15 triệu cổ phiếu, tương ứng tỷ lệ 3,66% tổng số cổ phiếu có quyền biểu quyết đang lưu hành. Được biết, số cổ phiếu ESOP phát hành sẽ bị hạn chế chuyển nhượng trong 3 năm kể từ ngày hoàn thành đợt phát hành. Thời gian nhận tiền mua từ 9/8 đến 25/8/2021.\nGiá phát hành 15.000 đồng/cổ phiếu, trong khi đó trên thị trường, cổ phiếu DIG sau khi tăng mạnh vào cuối tháng 5 đầu tháng 6/2021 vừa qua, đã có nhịp điều chỉnh giảm sâu về mức 22.000 đồng/cp vào giữa tháng 7. Hiện cổ phiếu DIG đã phục hồi, đóng cửa phiên giao dịch ngày 9/8 cổ phiếu DIG giao dịch tại mức 30.800 đồng/cp, tăng 40% trong vòng nửa tháng và cao gấp 2 lần mức giá cổ phiếu ESOP.\nLuỹ kế 6 tháng đầu năm, doanh thu DIG tăng 24% lên 1.116 tỷ đồng. Trong đó, doanh thu kinh doanh bất động sản chiếm 73%. Tương ứng, DIG lãi sau thuế 96,3 tỷ đồng - tăng 74% so với nửa đầu năm ngoái.\nĐược biết, trong năm 2021, DIG đặt kế hoạch doanh thu hợp nhất là 2.800 tỷ đồng, lợi nhuận trước thuế là 1.444 tỷ đồng. Như vậy, sau 6 tháng đầu năm với lợi nhuận trước thuế đạt 119,3 tỷ đồng, Công ty mới hoàn thành được 8,3% kế hoạch lợi nhuận năm.']"
25,['Đất Xanh Services (DXS): Lợi nhuận 6 tháng tăng 72% lên 398 tỷ đồng'],"['Đất Xanh Services (DXS) đã công bố BCTC quý 2/2021 với doanh thu 1.087 tỷ đồng, tăng cao gấp 2 lần so với cùng kỳ năm ngoái. Trong đó, doanh thu chủ yếu đến từ dịch vụ bất động sản với mức tăng trưởng cao gấp 3 lần cùng kỳ (đạt 943 tỷ đồng).\nTrong kỳ, doanh thu tài chính cũng tăng phi mã lên gần 12 tỷ đồng, phần lớn là lãi tiền gửi. Khấu trừ chi phí, DXS ghi nhận lãi ròng 197 tỷ đồng, tăng 89% so với cùng kỳ.\nTheo giải trình của DXS, nguyên nhân lợi nhuận quý 2 tăng mạnh chủ yếu do tình hình triển khai bán hàng tại các Công ty trong hệ thống đều tăng trưởng, chủ yếu từ các dự án đã ký hợp đồng trước đó và các dự án của các hợp đồng mới phát sinh.\nLũy kế 6 tháng đầu năm, DXS ghi nhận doanh thu thuần gần 2.128 tỷ đồng, gấp 2,3 lần cùng kỳ; tương ứng lãi ròng tăng 72% lên hơn 398 tỷ đồng.\nSo với kế hoạch 7.600 tỷ doanh thu và 1.483 tỷ lãi ròng, Công ty đã thực hiện được 28% chỉ tiêu doanh thu và 44% chỉ tiêu lợi nhuận.\nNgày 15/7/2021, DXS chính thức niêm yết trên sàn HNX với giá tham chiếu 32.000 đồng/cp. Dù được kỳ vọng, DXS lập tức giảm mạnh sau khi niêm yết, hiện thị giá đang hồi phục về mức 29.500 đồng/cp.\nNhà đầu tư nước ngoài không thể đặt mua cổ phiếu, Đất Xanh Services (DXS) nói gì?']"
26,"['Đặt kế hoạch năm 2021 khá lạc quan, ông chủ dự án 5 sao Six Senses Ninh Vân Bay vẫn lỗ sau 6 tháng']","['Bất động sản Du lịch Ninh Vân Bay (NVT) vừa công bố BCTC quý 2/2021 với doanh thu thuần 39 tỷ đồng, giảm 17% so với cùng kỳ. Nguồn thu giảm trong khi chi phí tăng mạnh khiến Công ty lỗ ròng hơn 10 tỷ đồng.\nGiải trình về kết quả trên, NVT cho biết do trong quý 1/2021, NVT đã ghi nhận 5,1 tỷ đồng từ nguồn cổ tức của Công ty con là CTCP Du lịch Hồng Hải. Đến quý 2/2021, công ty mẹ đã tiến hành thực hiện hạch toán lại khoản 5.1 tỷ đồng này sang nguồn tạm ứng vốn của công ty con do hoạt động kinh doanh của CTCP Du lịch Hồng Hải bị ảnh hưởng bởi dịch bệnh Covid-19 khiến doanh thu giảm mạnh so với cùng kỳ năm trước.\nNgoài ra, trong quý 2/2021, NVT đã phát hành thành công 240 tỷ đồng trái phiếu riêng lẻ không chuyển đổi, phát sinh khoản chi phí tài chính là khoản lãi vay phải trả tương ứng là 2,6 tỷ đồng khiến lợi nhuận sụt giảm.\nLuỹ kế 6 tháng, NVT ghi nhận doanh thu 82 tỷ đồng – tăng 25% so với nửa đầu năm ngoái. Khấu trừ chi phí, Công ty lỗ ròng hơn 12 tỷ đồng, trong khi cùng kỳ có lãi ròng gần 3 tỷ đồng.\nCần nhấn mạnh, năm 2021, NVT đề ra kế hoạch kinh doanh khá lạc quan với doanh thu thuần hợp nhất là 279 tỷ đồng, tăng 32% và lợi nhuận sau thuế 40,7 tỷ đồng, tăng mạnh đến 113% so với thực hiện năm 2020.\nDù vậy, nửa đầu năm, NVT chỉ thực hiện được 29% chỉ tiêu doanh thu và còn cách xa chỉ tiêu có lời.\nHoạt động trong thị trường bất động sản du lịch, hiện NVT đang sở hữu Khu nghỉ dưỡng Six Senses Ninh Vân Bay, Ana Mandara Villas Dalat Resort&Spa, Công ty cũng đang phát triển khu nghỉ Mũi Né quy mô 4ha.\nÔng chủ dự án 5 sao Six Senses Ninh Vân Bay tham vọng tăng 113% lợi nhuận bất chấp Covid-19, chào bán cổ phiếu giá 20.000 đồng/cp để huy động nguồn lực']"
27,"['PV Power (POW): Nhu cầu phụ tải trên hệ thống tiếp tục thấp do Covid-19, doanh thu tháng 7 giảm 10% xuống 2.302 tỷ đồng']","['Tổng Công ty điện lực dầu khí (PV Power, POW) vừa công bố tình hình kinh doanh tháng 7/2021. Ghi nhận, trong kỳ nhu cầu phụ tải trên hệ thống tiếp tục thấp do tình hình dịch bệnh Covid-19 bùng phát trên khắp cả nước. Nhiều tỉnh thành phố đã tiến hành cách ly xã hội và các nhà máy điện năng lượng mặt trời vẫn đang được huy động tối đa công suất dẫn đến giá thị trường không cao. Các nhà máy điện chỉ phát điện khi có giá thị trường cao, đủ bù đắp đủ chi phí và đảm bảo hiệu quả tối ưu.\nChi tiết về tình hình hoạt động của các nhà máy điện, bao gồm:\n+ NMĐ Cà Mau 1&2: EVN/A0 huy động NMĐ Cà Mau 1&2 với sản lượng thấp, nhiều thời điểm chỉ chạy 1 tổ máy hoặc dừng huy động tất cả các tổ máy. NMĐ Cà Mau 1&2 không hoàn thành kế hoạch sản lượng.\n+ NMĐ Nhơn Trạch 1: NMĐ Nhơn Trạch 1 được giao sản lượng điện hợp đồng (Qc) cao so với 6 tháng đầu năm (240,3 triệu kWh). Do giá thị trường nửa cuối tháng 7 rất thấp, nên nhà máy điện Nhơn Trạch 1 chào giá để dừng máy nhằm tận dụng Qc được giao. Nhà máy không hoàn thành kế hoạch sản lượng được giao.\n+ NMĐ Vũng Áng 1: Trong tháng 7, NMĐ Vũng Áng 1 được giao Qc thấp hơn so với các tháng trong 6 tháng đầu năm (365,9 triệu kWh). Tuy nhiên, với giá thị trường trung bình cao hơn giá biến đổi, NMĐ Vũng Áng 1 vận hành vượt Qc được giao.\n+ NMĐ Nhơn Trạch 2: Trong tháng 7, NMĐ Nhơn Trạch 2 được giao Qc tương đối cao (328,6 triệu kWh), Do giá thị trường không cao so với chi phí biến đổi, nên NMĐ Nhơn Trạch 2 chủ yếu chỉ được huy động 1 tổ máy. Nhà máy không hoàn thành kế hoạch sản lượng được giao.\n+ NMĐ Hủa Na: NMĐ Hủa Na được giao Qc 42,9 triệu kWh. Giá thị trường cao so với giá hợp đồng. Do thời điểm đầu tháng lượng nước về thấp (chỉ đạt khoảng 40,0 m3/s, bằng 33% so với trung bình hàng năm là 120,6 m3/s), đến cuối tháng lượng nước về đạt mức trung bình năm nên nhà máy vận hành không đạt kế hoạch sản lượng.\n+ NMĐ Đakđrinh: Trong tháng 7, NMĐ Đakđrinh được giao Qc 27,5 triệu kWh. Nhà máy đang trong giai đoạn mùa khô nên cân đối chào giá để đạt hiệu quả tối đa và đảm bảo yêu cầu về MN giới hạn phục vụ tưới tiêu. Do giá thị trường cao so với giá hợp đồng, nên nhà máy phát sản lượng vượt kế hoạch.\nTheo đó, doanh thu trong kỳ PV Power đạt 2.302 tỷ đồng, giảm 10% so với cùng kỳ năm ngoái. Lũy kế 7 tháng đầu năm, PV Power ghi nhận 10,8 tỷ kWh sản lượng và 17.688 tỷ đồng doanh thu, lần lượt giảm 16% và giảm 3% so với cùng kỳ 2020.\nLên kế hoạch cho tháng 8, PV Power dự kiến sản lượng đạt 1,3 tỷ kWh, tương đương mức doanh thu 2.036 tỷ đồng.\nPV Power (POW): Ghi nhận lãi từ bán công ty con, nửa đầu năm vượt kế hoạch LNTT với 1.656 tỷ đồng']"
28,['Tập đoàn F.I.T dự kiến phát hành gần 51 triệu cổ phiếu tăng vốn điều lệ'],"['CTCP Tập đoàn F.I.T (mã chứng khoán FIT vừa thông qua việc triển khai thực hiện phương án phát hành cổ phiếu để tăng vốn cổ phần từ nguồn vốn chủ sở hữu.\nTheo đó, FIT sẽ chào bán gần 51 triệu cổ phiếu cho cổ đông hiện hữu, tỷ lệ 5:1 (cổ đông nắm giữ 5 cổ phiếu sẽ được hưởng 1 quyền mua, tương ứng 1 cổ phiếu phát hành thêm). Thời gian thực hiện dự kiến trong năm 2021.\nGiá phát hành là 10.000 đồng/CP, tương ứng tổng giá trị theo mệnh giá là 509,5 tỷ đồng. Toàn bộ số tiền thu được từ đợt chào bán sau khi trừ đi các chi phí phục vụ phát hành, sẽ được sử dụng để bổ sung vốn lưu động cho hoạt động kinh doanh của Công ty, tăng vốn cho công ty thành viên.\nSau khi phát hành, Công ty dự kiến tăng vốn điều lệ từ 2.547,3 tỷ đồng như hiện tại lên 3.056,8 tỷ đồng.\nKết quả kinh doanh quý 2/2021 FIT ghi nhận doanh thu thuần đạt 298 tỷ đồng tăng 24% so với cùng kỳ, lãi gộp đạt 79,4 tỷ đồng tăng 28% so với quý 2/2020. Nhờ doanh thu tài chính tăng mạnh so với cùng kỳ nên lãi sau thuế 149 tỷ đồng, cao gấp 3,8 lần quý 2/2020, LNST công ty mẹ là 100,7 tỷ đồng, tương đương EPS đạt 395 đồng - Đây cũng là mức lợi nhuận cao kỷ lục của FIT trong lịch sử hoạt động.\nLuỹ kế 6 tháng đầu năm 2021, FIT đạt 616 tỷ đồng doanh thu thuần 14% so với cùng kỳ, nhờ hoạt động tài chính nên LNST đạt 163,6 tỷ đồng cao gấp hơn 4 lần cùng kỳ. LNST công ty mẹ đạt 110,5 tỷ đồng tương đương EPS 6 tháng đạt 434 đồng.\nNăm 2021, FIT đặt mục tiêu doanh thu đạt 1.331 tỷ đồng, LNST đạt 176,2 tỷ đồng. Như vậy kết thúc 6 tháng đầu năm FIT đã hoàn thành được 46% mục tiêu về doanh thu và 93% mục tiêu LNST.\nTrên thị trường, sau đợt lập đỉnh tại mức giá 21.750 đồng/cp vào hồi giữa tháng 1 vừa qua, cổ phiếu FIT đã rơi mạnh giảm sàn 8 phiên liên tiếp xuống mức 10.900 đồng/cp và giao dịch quanh vùng giá đó khoảng 3 tháng. Kết thúc phiên giao dịch 9/8, cổ phiếu FIT giảm nhẹ 0,6% giao dịch tại mức 16.700 đồng/cp.']"
